ID,Name,phone,Email,Address,Birth,Website,Language,
1,Hoang Ngoc Quang,(84-8) 66 839 581,HoangNgocQuang@gmail.com,"254B Highway 1, Ho Chi Minh City",23/01/1989 03:24:24,https://sites.google.com/site/HoangNgocQuang,VietNamese,
2,Hoang Hong Quy,08.54046595,HoangHongQuy@gmail.com,"1/22A Au Co St., Tan Son Nhi Ward, Ho Chi Minh City",21/08/2007 10:43:14,https://sites.google.com/site/HoangHongQuy,VietNamese,
3,Hoang Ngoc Tru,(84-4) 5143880,HoangNgocTru@gmail.com,"86/47 Ha Noi Highway, Linh Trung Ward, Binh Tan Dist., Ho Chi Minh City",19/03/1983 01:52:07,https://sites.google.com/site/HoangNgocTru,VietNamese,
4,Hoang The Anh,(84-8) 37513080,HoangTheAnh@gmail.com,"1/120 Dinh Cong, Ngo Quyen Dist., Haiphong",25/06/1994 03:52:19,https://sites.google.com/site/HoangTheAnh,VietNamese,
5,Hoang Duong Anh,(84-8) 37513080,HoangDuongAnh@gmail.com,"10 Ho Xuan Huong Street, Tan Binh District, Ho Chi Minh City",19/05/1998 16:35:13,https://sites.google.com/site/HoangDuongAnh,VietNamese,
6,Hoang Hong Thinh,(84-8) 9305020,HoangHongThinh@gmail.com,"Kha Van Can, Area 4, Hiep Binh Chanh Ward, Yen Hung District, Quang Ninh",29/12/2004 23:35:04,https://sites.google.com/site/HoangHongThinh,VietNamese,
7,Hoang Quoc Minh,(84-210) 3 848 861,HoangQuocMinh@gmail.com,"33 Dang Thi Nhu St., Nguyen Thai Binh Ward, Dist. 1, Tam Phuoc Ip, An Giang",19/05/1998 16:35:13,https://sites.google.com/site/HoangQuocMinh,VietNamese,
8,Hoang The Son,(84-8) 35 590 864,HoangTheSon@gmail.com,"Kha Van Can, Area 4, Hiep Binh Chanh Ward, Yen Hung District, Quang Ninh",21/08/2007 10:43:14,https://sites.google.com/site/HoangTheSon,VietNamese,
9,Hoang Thanh Nguyen,(84-4) 37 162 878,HoangThanhNguyen@gmail.com,"177 Dien Bien Phu, Ho Chi Minh City, Ho Chi Minh City",19/06/1991 21:06:56,https://sites.google.com/site/HoangThanhNguyen,French,
10,Hoang An Nam,(84-4) 37 756 711,HoangAnNam@gmail.com,"585 Hoang Lien StreetKim Tan Ward, City, Go Vap District, Ho Chi Minh City",19/03/1983 01:52:07,https://sites.google.com/site/HoangAnNam,French,
11,Tran Uyen Nhi,7840929/7840685,TranUyenNhi@gmail.com,"Amata Industrial Zone 104/1 Street 2, Lot 2, Tan Binh Dist, Ho Chi Minh City",29/12/2004 23:35:04,https://sites.google.com/site/TranUyenNhi,French,
12,Tran Nhat Thuong,(84-8) 37513080,TranNhatThuong@gmail.com,"287 Nguyen Thien Thuat, Ward 1, District 3, Ba Dinh District, Hanoi",27/11/1995 05:15:49,https://sites.google.com/site/TranNhatThuong,French,
13,Tran Viet Tuyet,(84-4) 5143880,TranVietTuyet@gmail.com,"243a Bui Dinh Tuy street, Ward 24, Tan Binh Dist., Ho Chi Minh City",28/01/1990 15:51:46,https://sites.google.com/site/TranVietTuyet,VietNamese,
14,Tran Vi An,(84-34) 3 832 256,TranViAn@gmail.com,"157-159 Xuan Hong Street, Ward 12, Tan Binh District, Ho Chi Minh City",24/10/1981 10:28:00,https://sites.google.com/site/TranViAn,VietNamese,
15,Tran Bich Phuong,(04) 36648767,TranBichPhuong@gmail.com,"Industrial zones Yen Phong, Yen Phong, Phu Nhuan District, Ho Chi Minh City",30/10/1985 13:05:22,https://sites.google.com/site/TranBichPhuong,English,
16,Tran Ngoc Diem,(84-8) 8411725,TranNgocDiem@gmail.com,"Nguyen Dang Dao, District Ninh Kieu, Can Tho",16/12/1984 10:47:41,https://sites.google.com/site/TranNgocDiem,English,
17,Tran Minh Ngan,(84-8) 8436722,TranMinhNgan@gmail.com,"Chua Thong Street, Son Loc Ward, Son Tay Town, Tan Phong Ward, Ho Chi Minh City",21/07/1999 12:34:13,https://sites.google.com/site/TranMinhNgan,English,
18,Tran Thien Giang,(84-18) 385 2043,TranThienGiang@gmail.com,"1/22A Au Co St., Tan Son Nhi Ward, Ho Chi Minh City, Ho Chi Minh City",19/09/1999 10:22:31,https://sites.google.com/site/TranThienGiang,English,
19,Tran Ai Nhi,04.37478310,TranAiNhi@gmail.com,"304/51a Dao Duy Anh, 9 Ward, Minh Khai Ward, Ho Chi Minh City",20/08/1988 07:18:21,https://sites.google.com/site/TranAiNhi,English,
20,Tran Cam Chi,(84-8) 3875 0053/(84-8) 3875 0214,TranCamChi@gmail.com,"229 Bai Say St., Ward 4, Dist. 6, Gia Lam District, Hanoi",27/11/1981 04:10:37,https://sites.google.com/site/TranCamChi,Chinese,
21,Nguyen Quang Thong,08. 7542186,NguyenQuangThong@gmail.com,"1C Trang Tien, Trang Tien Ward, Hoang Mai Dist., Haiphong",28/04/1985 23:53:15,https://sites.google.com/site/NguyenQuangThong,Chinese,
22,Nguyen Ngoc Thach,(84-8) 38 480 035,NguyenNgocThach@gmail.com,"10 Ho Xuan Huong Street, Tan Binh District, Ho Chi Minh City",27/11/1981 04:10:37,https://sites.google.com/site/NguyenNgocThach,Chinese,
23,Nguyen Thanh Thien,(08) 38576156/38578257,NguyenThanhThien@gmail.com,"21 Ha Huy Tap street, Phu My Hung, Tan Phong Ward, Dong Da District, Hanoi",31/07/1980 08:21:43,https://sites.google.com/site/NguyenThanhThien,Chinese,
24,Nguyen Truong An,(84-4) 3823 4142/(84-4) 3823 5465,NguyenTruongAn@gmail.com,"16B Da Nang St., May To Ward, Gia Lam District, Ho Chi Minh City",27/11/1995 05:15:49,https://sites.google.com/site/NguyenTruongAn,Chinese,
25,Nguyen Khai Tam,84-90-6274687,NguyenKhaiTam@gmail.com,"166-172 Street 1, Binh Tri Dong B Ward, Hoang Mai Dist., Hanoi",20/08/1988 07:18:21,https://sites.google.com/site/NguyenKhaiTam,Chinese,
26,Nguyen Duy Hung,( 84-8) 38944992,NguyenDuyHung@gmail.com,"20 Le Hong Phong Street, Ho Chi Minh City, Hanoi",28/04/1985 23:53:15,https://sites.google.com/site/NguyenDuyHung,Chinese,
27,Nguyen Anh Thai,(84-8) 9974999,NguyenAnhThai@gmail.com,"423 Nguyen Khang St., Yen Hoa Ward, Binh Thanh District, Ho Chi Minh City",22/07/2001 04:29:20,https://sites.google.com/site/NguyenAnhThai,Chinese,
28,Nguyen Gia Thien,(84-8) 66 839 581,NguyenGiaThien@gmail.com,"10 - 11 Nguyen Ai Quoc, KP 8, Ho Chi Minh City, Ho Chi Minh City",15/06/1998 16:04:38,https://sites.google.com/site/NguyenGiaThien,Chinese,
29,Nguyen Bao Lan,(84-33) 3 875 360,NguyenBaoLan@gmail.com,"135 Nguyen Viet Xuan Street, Vinh City, Binh Phuoc Province, Binh Phuoc",21/04/1981 04:54:51,https://sites.google.com/site/NguyenBaoLan,English,
30,Nguyen Bich Thao,08. 7542186,NguyenBichThao@gmail.com,"Lo 9, C, Industrial zones Tan Tao, Tan Phu Dist., Ho Chi Minh City",21/05/2003 23:30:27,https://sites.google.com/site/NguyenBichThao,English,
31,Nguyen Van Ngoc,(84-511) 3 643 439,NguyenVanNgoc@gmail.com,"NGUYEN TRAI STREET, BA DINH WARD, THANH HOA CITY, Hai Ba Trung District., Hanoi",27/11/1981 04:10:37,https://sites.google.com/site/NguyenVanNgoc,English,
32,Nguyen Van Chi,0710.3780493,NguyenVanChi@gmail.com,"22 Doc Lap Street, Phu Nhuan Dist., Ho Chi Minh City",24/09/1995 02:34:37,https://sites.google.com/site/NguyenVanChi,English,
33,Nguyen Tu Linh,(08) 39303160,NguyenTuLinh@gmail.com,"No. 34A Han Thuyen, District Hai Ba Trung, Ha Noi, Hanoi",30/10/1985 13:05:22,https://sites.google.com/site/NguyenTuLinh,English,
34,Nguyen Thuy Trang,84-90-6274687,NguyenThuyTrang@gmail.com,"126A+127 Dien Bien Phu StreetWard 6, Town, Phu Nhuan District, Ho Chi Minh City",22/07/2001 04:29:20,https://sites.google.com/site/NguyenThuyTrang,English,
35,Nguyen Tue Man,(84-4) 37 719 198,NguyenTueMan@gmail.com,"Tay Dang Town, Ba Vi Dist, Ho Chi Minh City, Ho Chi Minh City",15/06/1998 16:04:38,https://sites.google.com/site/NguyenTueMan,English,
36,Nguyen Thanh Tuyet,(84-8) 3 960 3131/(84-8) 3 969 3592,NguyenThanhTuyet@gmail.com,"Collective Academy of Finance, Group 10, Cau Dien Town, Thu Duc Dist., Ho Chi Minh City",21/05/2003 23:30:27,https://sites.google.com/site/NguyenThanhTuyet,French,
37,Nguyen Le Chi,061. 887 1614,NguyenLeChi@gmail.com,"NGUYEN TRAI STREET, BA DINH WARD, THANH HOA CITY, Hai Ba Trung District., Hanoi",27/11/1981 04:10:37,https://sites.google.com/site/NguyenLeChi,French,
38,Nguyen Quynh Thanh,(84-210) 3 848 861,NguyenQuynhThanh@gmail.com,"1425 - 1427, Area My Toan 2, Tan Phong, Thu Duc Dist., Ho Chi Minh City",21/05/2003 23:30:27,https://sites.google.com/site/NguyenQuynhThanh,French,
39,Nguyen Minh Tam,061. 887 1614,NguyenMinhTam@gmail.com,"Thanh Tri Ward, Nam Dinh City, Nam Dinh",21/05/2003 23:30:27,https://sites.google.com/site/NguyenMinhTam,French,
40,Nguyen Xuyen Chi,043. 3.833311,NguyenXuyenChi@gmail.com,"75/16 Go Dau Street, Tan Quy Ward, Hai Ba Trung Dist., Hanoi",27/11/1981 04:10:37,https://sites.google.com/site/NguyenXuyenChi,French,
41,Nguyen Xuan Lan,08 3921 0320,NguyenXuanLan@gmail.com,"33 Dang Thi Nhu St., Nguyen Thai Binh Ward, Dist. 1, Tam Phuoc Ip, An Giang",30/10/1985 13:05:22,https://sites.google.com/site/NguyenXuanLan,vietNamese,
42,Nguyen Phuong Khanh Huyen,(84-38) 3844553/(84-38) 3833897/(84-38) 3842926,NguyenPhuongKhanhHuyen@gmail.com,"Binh Duc 1, Vung Tau City, Ba Ria-Vung Tau",21/07/1982 19:53:15,https://sites.google.com/site/NguyenPhuongKhanhHuyen,vietNamese,
43,Vo Hai Nam,350-3383799,VoHaiNam@gmail.com,"No.3 , No.1 Street - Area 26B, Lien Chieu Dist., Ho Chi Minh City",30/07/2007 17:09:43,Http://www.author_VoHaiNam/wordpress.com,vietNamese,
44,An Son Tung,(84-8) 8411725,AnSonTung@gmail.com,"69 Nguyen Huy Dien Street, Ward 7, Thu Duc Dist., Ho Chi Minh City",13/06/1995 19:31:29,Http://www.author_AnSonTung/wordpress.com,vietNamese,
45,An Cao Tho,( 84-8) 38944992,AnCaoTho@gmail.com,"12 Dien Bien Phu, Hai Chau District, Da Nang",27/11/1995 05:15:49,Http://www.author_AnCaoTho/wordpress.com,vietNamese,
46,An Thanh Chau,(84-4) 7336766,AnThanhChau@gmail.com,"521 - 521A Ly Thuong Kiet, Ward 8, Ho Chi Minh City, Ho Chi Minh City",13/11/1991 18:56:40,Http://www.author_AnThanhChau/wordpress.com,vietNamese,
47,An Hung Ðao,(08) 37266356,AnHungÐao@gmail.com,"75/16 Go Dau Street, Tan Quy Ward, Hai Ba Trung Dist., Hanoi",24/10/1981 10:28:00,Http://www.author_AnHungÐao/wordpress.com,vietNamese,
48,An Ngoc Ha,(84-8) 3984 1016/(84-8) 3894 2731/(84-8) 3984 1042,AnNgocHa@gmail.com,"308A Quang Trung, P11, Ben Nghe Ward, Ho Chi Minh City",31/03/1981 12:45:38,Http://www.author_AnNgocHa/wordpress.com,English,
49,An Thien Trang,(84-061) 3 831 466,AnThienTrang@gmail.com,"157-159 Xuan Hong Street, Ward 12, Tan Binh District, Ho Chi Minh City",24/10/1981 10:28:00,Http://www.author_AnThienTrang/wordpress.com,English,
50,An Anh Ngoc,84-8833-7235,AnAnhNgoc@gmail.com,"10 Le Thi Rieng, Ben Thanh Ward, Dist.1, Long Binh Ward, Dong Nai",21/07/1999 12:34:13,Http://www.author_AnAnhNgoc/wordpress.com,English,
51,An Bich Hao,(84-4) 37 162 878,AnBichHao@gmail.com,"268 MY DO STREET, BAC GIANG CITY, Ho Chi Minh City, Ho Chi Minh City",23/01/1989 03:24:24,Http://www.author_AnBichHao/wordpress.com,English,
52,An Man Nhi,84-8833-7235,AnManNhi@gmail.com,"649 Le Hong Phong, Ward 10, Dist.10, Tan Binh District, Ho Chi Minh City",21/08/2007 10:43:14,Http://www.author_AnManNhi/wordpress.com,English,
53,An Thai Thanh,072. .3 763.9725,AnThaiThanh@gmail.com,"NGUYEN TRAI STREET, BA DINH WARD, THANH HOA CITY, Hai Ba Trung District., Hanoi",19/03/1983 01:52:07,Http://www.author_AnThaiThanh/wordpress.com,Spanish,
54,An Bao Ha,(84-74) 3 862 983/(84-74) 3 862 931,AnBaoHa@gmail.com,"300 Hai Ba Trung, District 3, Binh Thanh Dist., Hanoi",25/06/1994 03:52:19,Http://www.author_AnBaoHa/wordpress.com,Japanese,
55,An Ngoc Quynh,(84-8) 9635767/9635768/9633940,AnNgocQuynh@gmail.com,"Binh Son, Binh Tan District, Ho Chi Minh City",24/10/1981 10:28:00,Http://www.author_AnNgocQuynh/wordpress.com,Korean,
56,An Phuong Bao Han,(84-511) 3 643 439,AnPhuongBaoHan@gmail.com,"Floor 5, 81C Thuy Khue Street, Ho Chi Minh City, Ho Chi Minh City",24/10/1981 10:28:00,Http://www.author_AnPhuongBaoHan/wordpress.com,Japanese,
57,An Hai Yen,(84-8) 3984 1016/(84-8) 3894 2731/(84-8) 3984 1042,AnHaiYen@gmail.com,"Chua Thong Street, Son Loc Ward, Son Tay Town, Tan Phong Ward, Ho Chi Minh City",24/05/1993 08:09:01,Http://www.author_AnHaiYen/wordpress.com,Russian,
,,,,,,,,
,,,,,,,,
,,,,,,,,
,,,,,,,,
,,,,,,,,
,,,,,,,,
,,,,,,,,
,,,,,,,,
,,,,,,,,
,,,,,,,,
,,,,,,,,
,,,,,,,,
,,,,,,,,
,,,,,,,,
,,,,,,,,
,,,,,,,,
,,,,,,,,
,,,,,,,,
,,,,,,,,
,,,,,,,,
,,,,,,,,
,,,,,,,,
,,,,,,,,
,,,,,,,,
,,,,,,,,
,,,,,,,,
,,,,,,,,
,,,,,,,,
,,,,,,,,
,,,,,,,,
,,,,,,,,
,,,,,,,,
,,,,,,,,
,,,,,,,,
,,,,,,,,
,,,,,,,,
,,,,,,,,
,,,,,,,,
,,,,,,,,
,,,,,,,,
,,,,,,,,
,,,,,,,,
,,,,,,,,
,,,,,,,,
,,,,,,,,
,,,,,,,,
,,,,,,,,
,,,,,,,,
,,,,,,,,
,,,,,,,,
,,,,,,,,
,,,,,,,,
,,,,,,,,
,,,,,,,,
,,,,,,,,
,,,,,,,,
,,,,,,,,
,,,,,,,,
,,,,,,,,
,,,,,,,,
,,,,,,,,
,,,,,,,,
