"3","1","Cach nghi de thanh cong","15","Nha xuat ban Kim Dong.","TH|Tieng Thanh Hoa|Unknown","EN|Tieng Anh|English","Vietnamese","24/10/2016 00:09:38","12/04/1996 19:24:40","7","0"
"4","2","Hat giong tam hon","51|40","Nha xuat ban Chinh tri Quoc gia.","ES|Tieng Tay Ban Nha|Spanish","03/11/2015 14:56:10","27/08/1984 09:35:59","16","15"
"4","3","Hat giong tam hon","11|16|31","Nha xuat ban Quan doi.","FR|Tieng Phap|French","12/07/2012 08:28:45","08/01/1998 07:27:46","33","10"
"4","4","Dac Nhan Tam","44|13","Nha xuat ban Chinh tri Quoc gia.","CN|Tieng Trung Quoc|Chinese","21/06/2015 04:41:15","29/04/1990 01:27:18","31","22"
"2","5","Doc Vi Bat Ky Ai","9|47","NXB Giao Duc","VN|Tieng Viet|Vietnamese","15/11/1987 06:44:06","52","23"
"3","6","Hat giong tam hon","9|52","Nha xuat ban Kim Dong.","TH|Tieng Thanh Hoa|Unknown","CN|Tieng Trung Quoc|Chinese","English","23/10/2012 20:57:19","19/08/1986 05:40:35","15","9"
"3","7","Quang ganh lo di va vui song","35","Nha xuat ban Lao dong.","TH|Tieng Thanh Hoa|Unknown","JP|Tieng Nhat|Japanese","vietnamese","07/08/2019 13:51:56","16/12/1984 10:47:41","11","5"
"3","8","Dac Nhan Tam","14|1","Nha xuat ban Hong Duc.","TH|Tieng Thanh Hoa|Unknown","EN|Tieng Anh|English","Vietnamese","26/04/2020 18:42:26","21/01/1993 02:17:25","2","1"
"3","9","Hat giong tam hon","17|17","Nha xuat ban Chinh tri Quoc gia.","TH|Tieng Thanh Hoa|Unknown","EN|Tieng Anh|English","Vietnamese","12/09/2014 09:00:28","16/12/1984 10:47:41","19","7"
"4","10","Cach nghi de thanh cong","35","Nha xuat ban Chinh tri Quoc gia.","ES|Tieng Tay Ban Nha|Spanish","20/03/2013 15:30:26","25/08/1997 01:34:26","5","0"
"4","11","Dac Nhan Tam","39|50","Nha xuat ban Lao dong.","KR|Tieng Nam Han|Korean","10/07/2019 19:34:54","26/03/1995 03:16:47","53","38"
"2","12","Hat giong tam hon","35","Kim Dong","VN|Tieng Viet|Vietnamese","19/06/1991 21:06:56","43","24"
"4","13","Quang ganh lo di va vui song","49|35","Nha xuat ban Tu phap.","ES|Tieng Tay Ban Nha|Spanish","29/04/2014 21:17:33","10/05/1997 07:41:08","19","19"
"3","14","Tieu thuyet Bo Gia","46","Nha xuat ban Chinh tri Quoc gia.","TH|Tieng Thanh Hoa|Unknown","EN|Tieng Anh|English","Vietnamese","02/04/2014 04:57:01","19/08/1986 05:40:35","7","6"
"3","15","Dac Nhan Tam","13|25","Nha xuat ban Kim Dong.","TH|Tieng Thanh Hoa|Unknown","RU|Tieng Nga|Russian","vietnamese","01/10/2017 04:03:55","15/11/1987 06:44:06","3","0"
"4","16","Quang ganh lo di va vui song","44|26","Nha xuat ban Chinh tri Quoc gia.","EN|Tieng Anh|English","22/03/2020 04:14:50","06/12/1997 01:06:35","9","9"
"4","17","Cach nghi de thanh cong","12","Nha xuat ban Tu phap.","RU|Tieng Nga|Russian","10/05/2020 01:12:12","08/01/1995 11:07:58","57","28"
"3","18","Hat giong tam hon","36|22","Nha xuat ban Chinh tri Quoc gia.","TH|Tieng Thanh Hoa|Unknown","RU|Tieng Nga|Russian","vietnamese","24/10/2014 23:13:16","25/05/2000 10:01:36","22","14"
"3","19","Dac Nhan Tam","46|51","Nha xuat ban Kim Dong.","TH|Tieng Thanh Hoa|Unknown","FR|Tieng Phap|French","Vietnamese","17/08/2018 02:31:15","13/06/1995 19:31:29","60","44"
"3","20","Dac Nhan Tam","17|13|43","Nha xuat ban Quan doi.","TH|Tieng Thanh Hoa|Unknown","CN|Tieng Trung Quoc|Chinese","Vietnamese","23/08/2011 22:59:01","18/11/1988 05:16:32","15","13"
"2","21","Hat giong tam hon","23","Tuoi Tre","VN|Tieng Viet|Vietnamese","12/04/1996 19:24:40","47","1"
"4","22","Doc Vi Bat Ky Ai","44|50","Nha xuat ban Hong Duc.","FR|Tieng Phap|French","08/06/2013 10:51:58","26/03/1997 08:44:36","13","7"
"3","23","Cach nghi de thanh cong","23","Nha xuat ban Quan doi.","TH|Tieng Thanh Hoa|Unknown","EN|Tieng Anh|English","Vietnamese","11/02/2011 14:07:52","25/05/2000 10:01:36","2","0"
"4","24","Dac Nhan Tam","4|44","Nha xuat ban Lao dong.","EN|Tieng Anh|English","24/02/2016 19:26:54","01/05/1997 11:45:06","19","13"
"3","25","Tieu thuyet Bo Gia","25","Nha xuat ban Chinh tri Quoc gia.","TH|Tieng Thanh Hoa|Unknown","KR|Tieng Nam Han|Korean","Vietnamese","17/12/2010 04:00:31","13/06/1995 19:31:29","10","1"
"2","26","Cach nghi de thanh cong","21|37","Kim Dong","VN|Tieng Viet|Vietnamese","19/06/1991 21:06:56","48","21"
"3","27","Cach nghi de thanh cong","36|4","Nha xuat ban Kim Dong.","TH|Tieng Thanh Hoa|Unknown","JP|Tieng Nhat|Japanese","vietnamese","02/10/2013 18:49:57","13/06/1995 19:31:29","6","0"
"2","28","Cach nghi de thanh cong","55|28","Kim Dong","VN|Tieng Viet|Vietnamese","25/09/1989 09:17:13","48","11"
"3","29","Doc Vi Bat Ky Ai","26","Nha xuat ban Thanh nien.","TH|Tieng Thanh Hoa|Unknown","JP|Tieng Nhat|Japanese","vietnamese","13/05/2012 11:32:10","25/05/2000 10:01:36","9","9"
"2","30","Cach nghi de thanh cong","42|32","Tuoi Tre","VN|Tieng Viet|Vietnamese","12/04/1996 19:24:40","44","26"
"3","31","Quang ganh lo di va vui song","53","Nha xuat ban Cong an nhan dan.","TH|Tieng Thanh Hoa|Unknown","CN|Tieng Trung Quoc|Chinese","Vietnamese","20/11/2013 21:34:20","19/06/1991 21:06:56","13","1"
"4","32","Doc Vi Bat Ky Ai","35|8","Nha xuat ban Tu phap.","ES|Tieng Tay Ban Nha|Spanish","21/02/2019 19:44:21","06/01/1990 04:52:43","39","12"
"4","33","Nha Gia Kim","53","Nha xuat ban Chinh tri Quoc gia.","FR|Tieng Phap|French","05/10/2011 19:05:41","10/11/1982 05:22:48","19","4"
"3","34","Quang ganh lo di va vui song","25","Nha xuat ban Thanh nien.","TH|Tieng Thanh Hoa|Unknown","CN|Tieng Trung Quoc|Chinese","English","16/10/2011 05:11:08","15/11/1987 06:44:06","12","7"
"3","35","Nha Gia Kim","21","Nha xuat ban Chinh tri Quoc gia.","TH|Tieng Thanh Hoa|Unknown","FR|Tieng Phap|French","Vietnamese","21/04/2015 02:36:55","25/09/1989 09:17:13","38","1"
"2","36","Hat giong tam hon","8","Kim Dong","VN|Tieng Viet|Vietnamese","09/02/1993 04:48:20","60","7"
"4","37","Doc Vi Bat Ky Ai","7|40","Nha xuat ban Lao dong.","EN|Tieng Anh|English","08/07/2013 01:55:06","31/08/1992 05:36:46","35","23"
"4","38","Doc Vi Bat Ky Ai","19|6","Nha xuat ban Lao dong.","EN|Tieng Anh|English","09/01/2015 23:59:34","29/01/1982 07:52:37","36","5"
"2","39","Doc Vi Bat Ky Ai","25|38","Kim Dong","VN|Tieng Viet|Vietnamese","11/03/2002 16:17:29","43","4"
"1","40","Bao Lao Dong tuan 7","24|48","Lao Dong","30/08/1996 02:22:09","24","1"
"3","41","Quang ganh lo di va vui song","31","Nha xuat ban Kim Dong.","TH|Tieng Thanh Hoa|Unknown","FR|Tieng Phap|French","Vietnamese","03/02/2012 22:06:17","09/02/1993 04:48:20","48","35"
"3","42","Doc Vi Bat Ky Ai","34","Nha xuat ban Hong Duc.","TH|Tieng Thanh Hoa|Unknown","CN|Tieng Trung Quoc|Chinese","English","19/06/2015 14:12:49","15/11/1987 06:44:06","24","23"
"1","43","Giai ma bi an","23","Hoa Hoc Tro","11/05/1994 16:41:32","42","34"
"3","44","Quang ganh lo di va vui song","10","Nha xuat ban Lao dong.","TH|Tieng Thanh Hoa|Unknown","EN|Tieng Anh|English","Vietnamese","30/06/2014 09:09:47","18/11/1988 05:16:32","34","31"
"2","45","Hat giong tam hon","29","Tuoi Tre","VN|Tieng Viet|Vietnamese","25/09/1989 09:17:13","59","16"
"2","46","Dac Nhan Tam","7|10","Kim Dong","VN|Tieng Viet|Vietnamese","21/01/1993 02:17:25","56","30"
"3","47","Doc Vi Bat Ky Ai","36","Nha xuat ban Lao dong.","TH|Tieng Thanh Hoa|Unknown","ES|Tieng Tay Ban Nha|Spanish","English","12/04/2017 18:13:32","25/09/1989 09:17:13","5","3"
"2","48","Cach nghi de thanh cong","12","NXB Giao Duc","VN|Tieng Viet|Vietnamese","15/11/1987 06:44:06","54","16"
"4","49","Cach nghi de thanh cong","56|16","Nha xuat ban Kim Dong.","ES|Tieng Tay Ban Nha|Spanish","14/10/2011 12:03:06","21/10/1999 20:40:29","19","4"
"3","50","Hat giong tam hon","51","Nha xuat ban Chinh tri Quoc gia.","TH|Tieng Thanh Hoa|Unknown","EN|Tieng Anh|English","Vietnamese","02/01/2011 11:26:44","11/03/2002 16:17:29","18","0"
"4","51","Doc Vi Bat Ky Ai","35|27|11","Nha xuat ban Kim Dong.","FR|Tieng Phap|French","01/07/2011 02:08:08","09/06/1998 19:53:26","36","11"
"3","52","Dac Nhan Tam","10|49|1","Nha xuat ban Chinh tri Quoc gia.","TH|Tieng Thanh Hoa|Unknown","ES|Tieng Tay Ban Nha|Spanish","Vietnamese","12/01/2016 13:18:47","25/05/2000 10:01:36","7","4"
"4","53","Hat giong tam hon","3|52","Nha xuat ban Kim Dong.","CN|Tieng Trung Quoc|Chinese","08/12/2016 00:39:26","27/08/1981 09:11:23","31","20"
"2","54","Dac Nhan Tam","6|38","Kim Dong","VN|Tieng Viet|Vietnamese","13/06/1995 19:31:29","49","13"
"2","55","Cach nghi de thanh cong","13","Tuoi Tre","VN|Tieng Viet|Vietnamese","12/08/1987 08:42:24","46","21"
"2","56","Cach nghi de thanh cong","41","Kim Dong","VN|Tieng Viet|Vietnamese","18/11/1988 05:16:32","51","3"
"4","57","Cach nghi de thanh cong","50","Nha xuat ban Tu phap.","EN|Tieng Anh|English","07/02/2018 01:47:10","20/01/1992 08:18:50","47","11"
"2","58","Cach nghi de thanh cong","10","Tuoi Tre","VN|Tieng Viet|Vietnamese","15/11/1987 06:44:06","57","19"
"2","59","Hat giong tam hon","57","NXB Giao Duc","VN|Tieng Viet|Vietnamese","13/06/1995 19:31:29","57","10"
"1","60","Chuyen cua em","38","Khan Quang Do","15/10/1981 19:09:11","10","9"
"2","61","Cach nghi de thanh cong","27|52","NXB Giao Duc","VN|Tieng Viet|Vietnamese","21/01/1993 02:17:25","45","25"
"4","62","Dac Nhan Tam","19|57|33","Nha xuat ban Thanh nien.","CN|Tieng Trung Quoc|Chinese","15/02/2016 21:30:09","21/08/1992 14:17:18","34","11"
"2","63","Quang ganh lo di va vui song","4|52","NXB Giao Duc","VN|Tieng Viet|Vietnamese","25/05/2000 10:01:36","56","26"
"4","64","Hat giong tam hon","41","Nha xuat ban Quan doi.","EN|Tieng Anh|English","16/04/2017 06:20:31","02/08/1987 10:26:09","51","5"
"2","65","Doc Vi Bat Ky Ai","55","NXB Giao Duc","VN|Tieng Viet|Vietnamese","19/08/1986 05:40:35","59","22"
"4","66","Cach nghi de thanh cong","33","Nha xuat ban Tu phap.","ES|Tieng Tay Ban Nha|Spanish","13/02/2019 00:27:23","17/01/1990 00:53:19","45","17"
"1","67","Bao Thanh Nien so bao thu 5","38|5","Thanh Nien","05/07/1988 00:40:35","37","13"
"2","68","Doc Vi Bat Ky Ai","26|56","Tuoi Tre","VN|Tieng Viet|Vietnamese","19/06/1991 21:06:56","50","1"
"3","69","Doc Vi Bat Ky Ai","2|27","Nha xuat ban Lao dong.","TH|Tieng Thanh Hoa|Unknown","EN|Tieng Anh|English","Vietnamese","05/07/2014 19:42:32","13/06/1995 19:31:29","2","2"
"4","70","Cach nghi de thanh cong","44","Nha xuat ban Tu phap.","FR|Tieng Phap|French","23/12/2014 16:04:11","30/03/1995 20:22:21","29","28"
"2","71","Cach nghi de thanh cong","43","Tuoi Tre","VN|Tieng Viet|Vietnamese","12/04/1996 19:24:40","49","12"
"2","72","Hat giong tam hon","40","Tuoi Tre","VN|Tieng Viet|Vietnamese","13/06/1995 19:31:29","45","1"
"4","73","Quang ganh lo di va vui song","41","Nha xuat ban Thanh nien.","CN|Tieng Trung Quoc|Chinese","30/10/2012 21:44:38","18/06/1987 14:05:22","16","0"
"3","74","Tieu thuyet Bo Gia","22|51","Nha xuat ban Quan doi.","TH|Tieng Thanh Hoa|Unknown","CN|Tieng Trung Quoc|Chinese","English","30/11/2016 08:28:21","13/06/1995 19:31:29","19","3"
"4","75","Doc Vi Bat Ky Ai","33","Nha xuat ban Hong Duc.","EN|Tieng Anh|English","06/07/2011 16:30:50","04/01/1982 13:50:42","40","27"
"4","76","Quang ganh lo di va vui song","57","Nha xuat ban Chinh tri Quoc gia.","CN|Tieng Trung Quoc|Chinese","18/03/2015 17:26:54","01/10/1981 10:21:14","60","2"
"2","77","Tieu thuyet Bo Gia","24|3|51","NXB Giao Duc","VN|Tieng Viet|Vietnamese","25/09/1989 09:17:13","43","10"
"2","78","Cach nghi de thanh cong","5","Kim Dong","VN|Tieng Viet|Vietnamese","25/09/1989 09:17:13","56","21"
"3","79","Quang ganh lo di va vui song","12|26","Nha xuat ban Tu phap.","TH|Tieng Thanh Hoa|Unknown","RU|Tieng Nga|Russian","vietnamese","29/08/2015 04:41:07","19/08/1986 05:40:35","9","8"
"4","80","Hat giong tam hon","53|28","Nha xuat ban Tu phap.","EN|Tieng Anh|English","13/12/2011 23:58:34","09/12/1988 21:40:38","35","30"
"4","81","Hat giong tam hon","29","Nha xuat ban Tu phap.","EN|Tieng Anh|English","19/08/2011 22:50:31","25/09/1986 05:18:20","60","20"
"4","82","Doc Vi Bat Ky Ai","57","Nha xuat ban Quan doi.","KR|Tieng Nam Han|Korean","07/06/2014 05:49:21","10/05/1990 07:08:38","50","37"
"1","83","12 cung hoang dao","5","Khan Quang Do","18/12/1992 19:08:58","6","5"
"3","84","Hat giong tam hon","5|30","Nha xuat ban Tu phap.","TH|Tieng Thanh Hoa|Unknown","CN|Tieng Trung Quoc|Chinese","English","21/10/2013 01:35:57","19/08/1986 05:40:35","10","5"
"3","85","Cach nghi de thanh cong","36|24","Nha xuat ban Quan doi.","TH|Tieng Thanh Hoa|Unknown","EN|Tieng Anh|English","Vietnamese","11/07/2013 09:27:19","12/08/1987 08:42:24","5","3"
"1","86","Bao Thanh Nien so bao thu 3","51|36|20","Thanh Nien","03/06/1999 14:03:16","9","3"
"1","87","Bao Lao Dong tuan 36","21|33","Lao Dong","22/08/1982 20:19:55","6","0"
"4","88","Dac Nhan Tam","25|2","Nha xuat ban Chinh tri Quoc gia.","FR|Tieng Phap|French","22/09/2012 14:31:08","03/01/1998 05:16:55","45","5"
"2","89","Cach nghi de thanh cong","10","Tuoi Tre","VN|Tieng Viet|Vietnamese","13/06/1995 19:31:29","41","18"
"4","90","Quang ganh lo di va vui song","2|53","Nha xuat ban Thanh nien.","EN|Tieng Anh|English","16/03/2016 13:11:46","31/05/1991 21:25:07","39","23"
"3","91","Cach nghi de thanh cong","14","Nha xuat ban Cong an nhan dan.","TH|Tieng Thanh Hoa|Unknown","RU|Tieng Nga|Russian","English","21/10/2020 20:54:14","19/06/1991 21:06:56","24","16"
"2","92","Dac Nhan Tam","16|9","NXB Giao Duc","VN|Tieng Viet|Vietnamese","19/06/1991 21:06:56","45","22"
"4","93","Quang ganh lo di va vui song","15","Nha xuat ban Kim Dong.","EN|Tieng Anh|English","17/12/2016 08:15:10","22/01/1981 00:02:48","44","23"
"4","94","Hat giong tam hon","48","Nha xuat ban Kim Dong.","FR|Tieng Phap|French","24/09/2011 09:27:43","19/12/1995 18:54:51","58","9"
"4","95","Hat giong tam hon","40","Nha xuat ban Thanh nien.","RU|Tieng Nga|Russian","04/01/2017 11:55:02","15/09/1988 08:51:23","40","28"
"4","96","Quang ganh lo di va vui song","17","Nha xuat ban Lao dong.","EN|Tieng Anh|English","04/08/2017 12:54:11","04/08/1992 10:53:55","30","20"
"1","97","Uoc mo trong em","25|15","Khan Quang Do","06/09/1983 05:04:42","33","11"
"2","98","Dac Nhan Tam","15","NXB Giao Duc","VN|Tieng Viet|Vietnamese","19/08/1986 05:40:35","44","8"
"4","99","Quang ganh lo di va vui song","47|20","Nha xuat ban Hong Duc.","JP|Tieng Nhat|Japanese","26/11/2020 06:19:58","22/05/1984 04:54:56","37","15"
"4","100","Tieu thuyet Bo Gia","13|27","Nha xuat ban Tu phap.","ES|Tieng Tay Ban Nha|Spanish","04/10/2011 22:24:08","26/03/1982 16:41:35","34","11"
"3","101","Cach nghi de thanh cong","8","Nha xuat ban Chinh tri Quoc gia.","TH|Tieng Thanh Hoa|Unknown","EN|Tieng Anh|English","Vietnamese","29/11/2016 13:12:51","19/08/1986 05:40:35","4","2"
"4","102","Cach nghi de thanh cong","37|39","Nha xuat ban Hong Duc.","FR|Tieng Phap|French","31/05/2016 08:49:45","02/01/1988 03:36:31","26","11"
"3","103","Hat giong tam hon","3","Nha xuat ban Kim Dong.","TH|Tieng Thanh Hoa|Unknown","JP|Tieng Nhat|Japanese","vietnamese","06/08/2017 12:10:17","11/03/2002 16:17:29","5","1"
"4","104","Dac Nhan Tam","11","Nha xuat ban Chinh tri Quoc gia.","EN|Tieng Anh|English","25/10/2019 02:18:53","14/07/1981 14:16:35","44","14"
"4","105","Quang ganh lo di va vui song","41|4","Nha xuat ban Lao dong.","CN|Tieng Trung Quoc|Chinese","05/08/2016 02:34:30","16/04/1998 23:35:23","55","45"
"4","106","Tieu thuyet Bo Gia","7","Nha xuat ban Hong Duc.","ES|Tieng Tay Ban Nha|Spanish","05/10/2020 07:22:57","08/09/1997 00:31:10","52","8"
"2","107","Cach nghi de thanh cong","29|32","Kim Dong","VN|Tieng Viet|Vietnamese","25/05/2000 10:01:36","47","6"
"1","108","Co be  mong mo","46|34","Hoa Hoc Tro","28/11/1990 08:56:38","49","11"
"3","109","Hat giong tam hon","39","Nha xuat ban Kim Dong.","TH|Tieng Thanh Hoa|Unknown","EN|Tieng Anh|English","Vietnamese","20/12/2015 20:59:01","25/09/1989 09:17:13","33","5"
"2","110","Hat giong tam hon","47","Kim Dong","VN|Tieng Viet|Vietnamese","18/11/1988 05:16:32","44","15"
"4","111","Quang ganh lo di va vui song","23|24","Nha xuat ban Tu phap.","EN|Tieng Anh|English","27/12/2016 21:14:26","26/07/1994 17:09:55","9","1"
"3","112","Dac Nhan Tam","42|24","Nha xuat ban Thanh nien.","TH|Tieng Thanh Hoa|Unknown","EN|Tieng Anh|English","Vietnamese","24/12/2018 09:29:51","13/06/1995 19:31:29","3","3"
"3","113","Dac Nhan Tam","30","Nha xuat ban Thanh nien.","TH|Tieng Thanh Hoa|Unknown","FR|Tieng Phap|French","Vietnamese","03/03/2019 05:23:47","12/08/1987 08:42:24","30","7"
"3","114","Cach nghi de thanh cong","47|40","Nha xuat ban Quan doi.","TH|Tieng Thanh Hoa|Unknown","RU|Tieng Nga|Russian","English","30/10/2020 19:57:19","12/04/1996 19:24:40","3","3"
"4","115","Hat giong tam hon","53|37","Nha xuat ban Hong Duc.","CN|Tieng Trung Quoc|Chinese","16/12/2019 19:43:14","25/11/1989 08:43:00","18","7"
"4","116","Hat giong tam hon","38|40","Nha xuat ban Thanh nien.","EN|Tieng Anh|English","31/07/2011 15:55:50","16/09/1990 20:35:20","41","21"
"3","117","Cach nghi de thanh cong","49","Nha xuat ban Tu phap.","TH|Tieng Thanh Hoa|Unknown","JP|Tieng Nhat|Japanese","English","03/02/2014 16:28:02","12/08/1987 08:42:24","31","9"
"4","118","Hat giong tam hon","18","Nha xuat ban Hong Duc.","FR|Tieng Phap|French","18/08/2011 07:34:27","07/06/1981 05:30:22","51","27"
"2","119","Doc Vi Bat Ky Ai","47|6","NXB Giao Duc","VN|Tieng Viet|Vietnamese","11/03/2002 16:17:29","42","11"
"2","120","Dac Nhan Tam","14","NXB Giao Duc","VN|Tieng Viet|Vietnamese","19/08/1986 05:40:35","44","5"
"3","121","Quang ganh lo di va vui song","4|15","Nha xuat ban Chinh tri Quoc gia.","TH|Tieng Thanh Hoa|Unknown","EN|Tieng Anh|English","Vietnamese","02/04/2012 13:29:12","13/06/1995 19:31:29","4","4"
"1","122","Bao Thanh Nien so bao thu 10","43|19","Thanh Nien","21/11/1989 16:46:41","41","28"
"2","123","Cach nghi de thanh cong","47","NXB Giao Duc","VN|Tieng Viet|Vietnamese","15/11/1987 06:44:06","54","8"
"4","124","Dac Nhan Tam","30|47","Nha xuat ban Tu phap.","FR|Tieng Phap|French","29/12/2018 05:06:58","17/01/1982 00:26:06","18","11"
"4","125","Doc Vi Bat Ky Ai","36","Nha xuat ban Chinh tri Quoc gia.","ES|Tieng Tay Ban Nha|Spanish","01/06/2019 23:01:25","13/09/1993 13:46:52","25","12"
"3","126","Cach nghi de thanh cong","57|18","Nha xuat ban Hong Duc.","TH|Tieng Thanh Hoa|Unknown","CN|Tieng Trung Quoc|Chinese","English","01/06/2016 12:04:34","18/11/1988 05:16:32","8","0"
"1","127","Bao Lao Dong tuan 9","13|26","Lao Dong","23/05/1983 18:21:01","19","6"
"4","128","Tieu thuyet Bo Gia","52|27","Nha xuat ban Chinh tri Quoc gia.","EN|Tieng Anh|English","02/05/2012 22:31:30","02/09/1986 18:43:02","56","32"
"3","129","Cach nghi de thanh cong","33","Nha xuat ban Kim Dong.","TH|Tieng Thanh Hoa|Unknown","KR|Tieng Nam Han|Korean","Vietnamese","26/02/2012 18:59:06","19/08/1986 05:40:35","28","13"
"3","130","Tieu thuyet Bo Gia","13","Nha xuat ban Tu phap.","TH|Tieng Thanh Hoa|Unknown","EN|Tieng Anh|English","Vietnamese","28/07/2011 22:08:51","13/06/1995 19:31:29","29","29"
"2","131","Hat giong tam hon","3|42","Kim Dong","VN|Tieng Viet|Vietnamese","16/12/1984 10:47:41","55","19"
"2","132","Cach nghi de thanh cong","14|26","Tuoi Tre","VN|Tieng Viet|Vietnamese","12/08/1987 08:42:24","56","22"
"3","133","Dac Nhan Tam","27","Nha xuat ban Chinh tri Quoc gia.","TH|Tieng Thanh Hoa|Unknown","CN|Tieng Trung Quoc|Chinese","Vietnamese","08/04/2011 18:25:20","09/02/1993 04:48:20","21","0"
"3","134","Cach nghi de thanh cong","32","Nha xuat ban Tu phap.","TH|Tieng Thanh Hoa|Unknown","RU|Tieng Nga|Russian","vietnamese","10/08/2020 04:15:02","15/11/1987 06:44:06","50","49"
"3","135","Quang ganh lo di va vui song","37|35","Nha xuat ban Thanh nien.","TH|Tieng Thanh Hoa|Unknown","KR|Tieng Nam Han|Korean","English","30/06/2011 07:49:15","12/08/1987 08:42:24","31","14"
"2","136","Quang ganh lo di va vui song","38","Kim Dong","VN|Tieng Viet|Vietnamese","28/04/1985 23:53:15","57","18"
"3","137","Doc Vi Bat Ky Ai","51","Nha xuat ban Lao dong.","TH|Tieng Thanh Hoa|Unknown","ES|Tieng Tay Ban Nha|Spanish","English","28/11/2019 08:00:21","12/04/1996 19:24:40","18","4"
"2","138","Tieu thuyet Bo Gia","32","Kim Dong","VN|Tieng Viet|Vietnamese","19/08/1986 05:40:35","58","17"
"4","139","Quang ganh lo di va vui song","36","Nha xuat ban Quan doi.","FR|Tieng Phap|French","22/02/2019 14:29:23","19/04/1982 10:22:40","28","7"
"3","140","Cach nghi de thanh cong","52","Nha xuat ban Chinh tri Quoc gia.","TH|Tieng Thanh Hoa|Unknown","CN|Tieng Trung Quoc|Chinese","Vietnamese","31/03/2013 21:58:55","21/01/1993 02:17:25","34","28"
"2","141","Hat giong tam hon","52|25","Kim Dong","VN|Tieng Viet|Vietnamese","18/11/1988 05:16:32","59","1"
"3","142","Cach nghi de thanh cong","27|34","Nha xuat ban Thanh nien.","TH|Tieng Thanh Hoa|Unknown","ES|Tieng Tay Ban Nha|Spanish","English","11/11/2015 06:21:01","21/01/1993 02:17:25","12","11"
"2","143","Doc Vi Bat Ky Ai","37","Tuoi Tre","VN|Tieng Viet|Vietnamese","19/06/1991 21:06:56","48","7"
"4","144","Tieu thuyet Bo Gia","20","Nha xuat ban Hong Duc.","EN|Tieng Anh|English","23/08/2020 12:25:15","22/01/1981 20:25:10","5","1"
"3","145","Cach nghi de thanh cong","52","Nha xuat ban Lao dong.","TH|Tieng Thanh Hoa|Unknown","EN|Tieng Anh|English","Vietnamese","01/02/2013 23:56:52","25/05/2000 10:01:36","7","2"
"3","146","Quang ganh lo di va vui song","40","Nha xuat ban Hong Duc.","TH|Tieng Thanh Hoa|Unknown","KR|Tieng Nam Han|Korean","Vietnamese","26/03/2014 10:52:57","18/11/1988 05:16:32","21","8"
"2","147","Doc Vi Bat Ky Ai","30","Tuoi Tre","VN|Tieng Viet|Vietnamese","11/03/2002 16:17:29","51","4"
"3","148","Tieu thuyet Bo Gia","38","Nha xuat ban Hong Duc.","TH|Tieng Thanh Hoa|Unknown","ES|Tieng Tay Ban Nha|Spanish","English","30/04/2014 09:04:48","19/06/1991 21:06:56","10","9"
"3","149","Hat giong tam hon","47|41","Nha xuat ban Quan doi.","TH|Tieng Thanh Hoa|Unknown","EN|Tieng Anh|English","Vietnamese","29/11/2016 15:03:02","15/11/1987 06:44:06","20","15"
"2","150","Quang ganh lo di va vui song","37","Tuoi Tre","VN|Tieng Viet|Vietnamese","18/11/1988 05:16:32","42","19"
"1","151","Bao Thanh Nien so bao thu 15","8","Thanh Nien","23/08/1999 02:21:51","29","25"
"2","152","Tieu thuyet Bo Gia","1","Tuoi Tre","VN|Tieng Viet|Vietnamese","09/02/1993 04:48:20","54","18"
"2","153","Cach nghi de thanh cong","33","Kim Dong","VN|Tieng Viet|Vietnamese","12/04/1996 19:24:40","49","24"
"3","154","Hat giong tam hon","4","Nha xuat ban Kim Dong.","TH|Tieng Thanh Hoa|Unknown","CN|Tieng Trung Quoc|Chinese","Vietnamese","04/07/2016 01:44:15","19/08/1986 05:40:35","26","14"
"3","155","Doc Vi Bat Ky Ai","30|18","Nha xuat ban Tu phap.","TH|Tieng Thanh Hoa|Unknown","RU|Tieng Nga|Russian","English","07/08/2017 13:45:50","18/11/1988 05:16:32","3","0"
"4","156","Quang ganh lo di va vui song","33","Nha xuat ban Quan doi.","CN|Tieng Trung Quoc|Chinese","11/03/2016 22:56:18","06/11/1997 04:31:00","9","8"
"3","157","Quang ganh lo di va vui song","26|22","Nha xuat ban Quan doi.","TH|Tieng Thanh Hoa|Unknown","CN|Tieng Trung Quoc|Chinese","Vietnamese","04/09/2020 04:11:43","19/06/1991 21:06:56","4","0"
"2","158","Dac Nhan Tam","51","Kim Dong","VN|Tieng Viet|Vietnamese","12/04/1996 19:24:40","44","20"
"3","159","Cach nghi de thanh cong","29|2","Nha xuat ban Lao dong.","TH|Tieng Thanh Hoa|Unknown","CN|Tieng Trung Quoc|Chinese","Vietnamese","16/06/2015 22:25:50","11/03/2002 16:17:29","10","9"
"4","160","Hat giong tam hon","35","Nha xuat ban Quan doi.","EN|Tieng Anh|English","23/03/2012 10:27:02","11/05/1982 21:02:26","18","3"
"2","161","Cach nghi de thanh cong","20","Tuoi Tre","VN|Tieng Viet|Vietnamese","21/01/1993 02:17:25","57","21"
"2","162","Hat giong tam hon","30","NXB Giao Duc","VN|Tieng Viet|Vietnamese","13/06/1995 19:31:29","48","4"
"1","163","Uom mam tuong lai","35","Khan Quang Do","29/11/1984 07:44:43","4","0"
"2","164","Doc Vi Bat Ky Ai","22|15","NXB Giao Duc","VN|Tieng Viet|Vietnamese","13/06/1995 19:31:29","60","28"
"4","165","Quang ganh lo di va vui song","15|32","Nha xuat ban Thanh nien.","FR|Tieng Phap|French","14/11/2010 21:56:26","21/06/1984 14:10:41","30","14"
"4","166","Hat giong tam hon","27","Nha xuat ban Tu phap.","CN|Tieng Trung Quoc|Chinese","24/12/2014 22:00:12","02/09/1993 13:41:25","22","15"
"2","167","Tieu thuyet Bo Gia","24","NXB Giao Duc","VN|Tieng Viet|Vietnamese","25/05/2000 10:01:36","41","1"
"4","168","Cach nghi de thanh cong","44","Nha xuat ban Hong Duc.","EN|Tieng Anh|English","05/10/2015 03:42:32","07/05/1986 05:25:07","40","17"
"3","169","Doc Vi Bat Ky Ai","42|21","Nha xuat ban Thanh nien.","TH|Tieng Thanh Hoa|Unknown","EN|Tieng Anh|English","Vietnamese","04/08/2018 03:16:03","28/04/1985 23:53:15","8","3"
"3","170","Hat giong tam hon","29|54","Nha xuat ban Hong Duc.","TH|Tieng Thanh Hoa|Unknown","CN|Tieng Trung Quoc|Chinese","Vietnamese","02/08/2016 14:42:10","16/12/1984 10:47:41","35","13"
"4","171","Cach nghi de thanh cong","49|32|52","Nha xuat ban Hong Duc.","EN|Tieng Anh|English","29/09/2019 07:54:26","15/09/1983 23:32:20","27","25"
"2","172","Hat giong tam hon","51","Kim Dong","VN|Tieng Viet|Vietnamese","21/01/1993 02:17:25","41","16"
"2","173","Hat giong tam hon","12","NXB Giao Duc","VN|Tieng Viet|Vietnamese","21/01/1993 02:17:25","49","13"
"1","174","Hoa Xuan","13","Hoa Hoc Tro","21/09/1982 23:35:52","21","11"
"2","175","Tieu thuyet Bo Gia","39|23","Kim Dong","VN|Tieng Viet|Vietnamese","15/11/1987 06:44:06","51","4"
"2","176","Cach nghi de thanh cong","10","Kim Dong","VN|Tieng Viet|Vietnamese","25/09/1989 09:17:13","52","1"
"2","177","Tieu thuyet Bo Gia","22","NXB Giao Duc","VN|Tieng Viet|Vietnamese","19/08/1986 05:40:35","48","22"
"3","178","Tieu thuyet Bo Gia","38|8","Nha xuat ban Chinh tri Quoc gia.","TH|Tieng Thanh Hoa|Unknown","RU|Tieng Nga|Russian","vietnamese","22/06/2020 01:31:34","19/08/1986 05:40:35","7","4"
"3","179","Hat giong tam hon","35","Nha xuat ban Quan doi.","TH|Tieng Thanh Hoa|Unknown","CN|Tieng Trung Quoc|Chinese","English","29/03/2019 20:31:03","21/01/1993 02:17:25","16","3"
"2","180","Tieu thuyet Bo Gia","37","NXB Giao Duc","VN|Tieng Viet|Vietnamese","18/11/1988 05:16:32","42","3"
"4","181","Cach nghi de thanh cong","50","Nha xuat ban Cong an nhan dan.","EN|Tieng Anh|English","11/11/2012 05:02:35","17/11/1996 13:09:51","6","3"
"4","182","Hat giong tam hon","35|24|16","Nha xuat ban Kim Dong.","EN|Tieng Anh|English","26/10/2016 23:49:58","28/10/1983 05:58:38","25","10"
"2","183","Dac Nhan Tam","4|50","Tuoi Tre","VN|Tieng Viet|Vietnamese","09/02/1993 04:48:20","48","27"
"3","184","Hat giong tam hon","47|28","Nha xuat ban Tu phap.","TH|Tieng Thanh Hoa|Unknown","CN|Tieng Trung Quoc|Chinese","Vietnamese","14/03/2012 16:30:56","12/04/1996 19:24:40","11","7"
"2","185","Doc Vi Bat Ky Ai","7","NXB Giao Duc","VN|Tieng Viet|Vietnamese","25/05/2000 10:01:36","55","26"
"1","186","Bao Lao Dong tuan 4","32|32","Lao Dong","01/06/1997 00:46:46","50","4"
"4","187","Cach nghi de thanh cong","30","Nha xuat ban Tu phap.","CN|Tieng Trung Quoc|Chinese","16/09/2013 04:38:14","09/11/1989 12:54:20","52","9"
"3","188","Cach nghi de thanh cong","33|18","Nha xuat ban Hong Duc.","TH|Tieng Thanh Hoa|Unknown","FR|Tieng Phap|French","Vietnamese","16/02/2011 00:52:28","11/03/2002 16:17:29","44","26"
"2","189","Quang ganh lo di va vui song","56|4|23","Tuoi Tre","VN|Tieng Viet|Vietnamese","21/01/1993 02:17:25","43","22"
"3","190","Doc Vi Bat Ky Ai","18|48","Nha xuat ban Chinh tri Quoc gia.","TH|Tieng Thanh Hoa|Unknown","EN|Tieng Anh|English","Vietnamese","20/01/2019 00:03:04","28/04/1985 23:53:15","12","5"
"3","191","Cach nghi de thanh cong","38","Nha xuat ban Chinh tri Quoc gia.","TH|Tieng Thanh Hoa|Unknown","FR|Tieng Phap|French","Vietnamese","21/03/2011 08:07:46","12/04/1996 19:24:40","9","7"
"2","192","Cach nghi de thanh cong","9","NXB Giao Duc","VN|Tieng Viet|Vietnamese","15/11/1987 06:44:06","52","5"
"2","193","Cach nghi de thanh cong","45","Tuoi Tre","VN|Tieng Viet|Vietnamese","18/11/1988 05:16:32","51","12"
"2","194","Cach nghi de thanh cong","44","NXB Giao Duc","VN|Tieng Viet|Vietnamese","19/08/1986 05:40:35","59","9"
"3","195","Doc Vi Bat Ky Ai","43","Nha xuat ban Chinh tri Quoc gia.","TH|Tieng Thanh Hoa|Unknown","EN|Tieng Anh|English","Vietnamese","28/07/2012 00:17:19","09/02/1993 04:48:20","5","2"
"4","196","Cach nghi de thanh cong","41","Nha xuat ban Kim Dong.","EN|Tieng Anh|English","02/12/2016 08:53:02","06/09/1987 01:11:21","12","5"
"1","197","Bao Lao Dong tuan 11","14","Lao Dong","03/05/1987 23:26:38","30","24"
"2","198","Cach nghi de thanh cong","27","Tuoi Tre","VN|Tieng Viet|Vietnamese","28/04/1985 23:53:15","52","23"
"2","199","Quang ganh lo di va vui song","6","Kim Dong","VN|Tieng Viet|Vietnamese","18/11/1988 05:16:32","41","18"
"3","200","Tieu thuyet Bo Gia","19","Nha xuat ban Thanh nien.","TH|Tieng Thanh Hoa|Unknown","CN|Tieng Trung Quoc|Chinese","Vietnamese","20/12/2020 02:46:54","12/08/1987 08:42:24","4","4"
"2","201","Cach nghi de thanh cong","8|53","Tuoi Tre","VN|Tieng Viet|Vietnamese","16/12/1984 10:47:41","57","15"
"4","202","Cach nghi de thanh cong","6|49","Nha xuat ban Cong an nhan dan.","ES|Tieng Tay Ban Nha|Spanish","29/01/2011 07:40:17","22/06/1999 21:03:26","14","10"
"4","203","Cach nghi de thanh cong","42|4","Nha xuat ban Lao dong.","CN|Tieng Trung Quoc|Chinese","08/06/2018 21:21:25","25/06/1996 19:52:06","41","23"
"3","204","Cach nghi de thanh cong","26","Nha xuat ban Kim Dong.","TH|Tieng Thanh Hoa|Unknown","RU|Tieng Nga|Russian","vietnamese","12/10/2018 05:33:03","13/06/1995 19:31:29","10","8"
"4","205","Tieu thuyet Bo Gia","17","Nha xuat ban Chinh tri Quoc gia.","RU|Tieng Nga|Russian","11/11/2010 01:41:15","19/07/1985 12:09:34","49","27"
"1","206","Bao Thanh Nien so bao thu 24","57","Thanh Nien","16/12/1993 19:10:57","40","30"
"2","207","Cach nghi de thanh cong","49|16","NXB Giao Duc","VN|Tieng Viet|Vietnamese","15/11/1987 06:44:06","46","2"
"2","208","Doc Vi Bat Ky Ai","34|15","NXB Giao Duc","VN|Tieng Viet|Vietnamese","25/09/1989 09:17:13","48","12"
"3","209","Dac Nhan Tam","33","Nha xuat ban Chinh tri Quoc gia.","TH|Tieng Thanh Hoa|Unknown","CN|Tieng Trung Quoc|Chinese","Vietnamese","26/01/2021 21:11:06","13/06/1995 19:31:29","46","45"
"2","210","Hat giong tam hon","44","NXB Giao Duc","VN|Tieng Viet|Vietnamese","13/06/1995 19:31:29","52","19"
"3","211","Hat giong tam hon","45","Nha xuat ban Quan doi.","TH|Tieng Thanh Hoa|Unknown","FR|Tieng Phap|French","Vietnamese","20/02/2017 01:14:38","12/04/1996 19:24:40","8","4"
"4","212","Hat giong tam hon","57|29","Nha xuat ban Thanh nien.","ES|Tieng Tay Ban Nha|Spanish","06/11/2011 20:28:17","20/10/1991 06:59:17","60","37"
"2","213","Cach nghi de thanh cong","6|6","NXB Giao Duc","VN|Tieng Viet|Vietnamese","09/02/1993 04:48:20","57","7"
"4","214","Dac Nhan Tam","57","Nha xuat ban Kim Dong.","EN|Tieng Anh|English","24/08/2019 17:23:40","12/08/1988 06:59:39","57","49"
"3","215","Doc Vi Bat Ky Ai","21|22|2","Nha xuat ban Kim Dong.","TH|Tieng Thanh Hoa|Unknown","CN|Tieng Trung Quoc|Chinese","Vietnamese","31/03/2017 04:03:59","09/02/1993 04:48:20","46","23"
"3","216","Doc Vi Bat Ky Ai","13","Nha xuat ban Hong Duc.","TH|Tieng Thanh Hoa|Unknown","CN|Tieng Trung Quoc|Chinese","Vietnamese","22/05/2015 09:09:41","25/09/1989 09:17:13","26","22"
"2","217","Doc Vi Bat Ky Ai","42","Kim Dong","VN|Tieng Viet|Vietnamese","19/08/1986 05:40:35","54","11"
"4","218","Hat giong tam hon","51|27","Nha xuat ban Chinh tri Quoc gia.","CN|Tieng Trung Quoc|Chinese","03/04/2020 15:18:02","01/11/1989 22:35:05","52","44"
"2","219","Hat giong tam hon","10|5|29","Tuoi Tre","VN|Tieng Viet|Vietnamese","13/06/1995 19:31:29","47","23"
"3","220","Cach nghi de thanh cong","32","Nha xuat ban Hong Duc.","TH|Tieng Thanh Hoa|Unknown","KR|Tieng Nam Han|Korean","English","17/02/2018 20:02:26","16/12/1984 10:47:41","14","7"
"4","221","Doc Vi Bat Ky Ai","47","Nha xuat ban Thanh nien.","JP|Tieng Nhat|Japanese","13/07/2011 11:50:05","01/02/1992 18:57:38","36","36"
"3","222","Dac Nhan Tam","28","Nha xuat ban Tu phap.","TH|Tieng Thanh Hoa|Unknown","FR|Tieng Phap|French","Vietnamese","29/05/2017 05:52:09","18/11/1988 05:16:32","2","0"
"4","223","Cach nghi de thanh cong","20|3","Nha xuat ban Quan doi.","EN|Tieng Anh|English","30/04/2014 01:04:33","25/07/1984 18:57:39","42","2"
"4","224","Cach nghi de thanh cong","19","Nha xuat ban Kim Dong.","EN|Tieng Anh|English","28/10/2019 11:56:59","18/09/1988 20:47:38","45","40"
"4","225","Tieu thuyet Bo Gia","45","Nha xuat ban Tu phap.","EN|Tieng Anh|English","22/04/2015 08:40:31","12/06/1991 07:07:59","57","23"
"4","226","Cach nghi de thanh cong","46","Nha xuat ban Thanh nien.","EN|Tieng Anh|English","24/12/2012 03:09:54","30/07/1986 08:57:18","36","8"
"4","227","Tieu thuyet Bo Gia","30","Nha xuat ban Hong Duc.","EN|Tieng Anh|English","26/10/2018 22:54:55","16/11/1980 00:00:44","17","13"
"3","228","Cach nghi de thanh cong","19|34","Nha xuat ban Chinh tri Quoc gia.","TH|Tieng Thanh Hoa|Unknown","FR|Tieng Phap|French","Vietnamese","06/05/2012 04:32:32","25/05/2000 10:01:36","23","17"
"2","229","Cach nghi de thanh cong","6","Tuoi Tre","VN|Tieng Viet|Vietnamese","28/04/1985 23:53:15","48","4"
"3","230","Cach nghi de thanh cong","55","Nha xuat ban Kim Dong.","TH|Tieng Thanh Hoa|Unknown","EN|Tieng Anh|English","Vietnamese","29/08/2015 23:53:39","11/03/2002 16:17:29","35","10"
"2","231","Hat giong tam hon","48","Tuoi Tre","VN|Tieng Viet|Vietnamese","18/11/1988 05:16:32","47","6"
"3","232","Dac Nhan Tam","16","Nha xuat ban Lao dong.","TH|Tieng Thanh Hoa|Unknown","CN|Tieng Trung Quoc|Chinese","English","12/12/2018 17:30:47","25/09/1989 09:17:13","21","16"
"2","233","Cach nghi de thanh cong","25","NXB Giao Duc","VN|Tieng Viet|Vietnamese","28/04/1985 23:53:15","56","12"
"3","234","Quang ganh lo di va vui song","4","Nha xuat ban Tu phap.","TH|Tieng Thanh Hoa|Unknown","FR|Tieng Phap|French","Vietnamese","13/02/2019 19:53:30","28/04/1985 23:53:15","2","2"
"3","235","Hat giong tam hon","18","Nha xuat ban Hong Duc.","TH|Tieng Thanh Hoa|Unknown","EN|Tieng Anh|English","Vietnamese","30/01/2011 21:32:06","19/08/1986 05:40:35","1","0"
"4","236","Hat giong tam hon","36","Nha xuat ban Kim Dong.","KR|Tieng Nam Han|Korean","15/05/2018 02:55:25","09/01/1987 04:04:38","47","9"
"4","237","Tieu thuyet Bo Gia","43","Nha xuat ban Thanh nien.","FR|Tieng Phap|French","26/11/2010 00:25:29","10/06/1994 18:10:56","15","9"
"3","238","Quang ganh lo di va vui song","50","Nha xuat ban Thanh nien.","TH|Tieng Thanh Hoa|Unknown","EN|Tieng Anh|English","Vietnamese","11/08/2017 14:12:29","15/11/1987 06:44:06","12","2"
"2","239","Tieu thuyet Bo Gia","19|11","Tuoi Tre","VN|Tieng Viet|Vietnamese","25/09/1989 09:17:13","48","10"
"1","240","Xuan Yeu Thuong","6|15","Hoa Hoc Tro","10/08/1993 01:19:39","50","0"
"4","241","Cach nghi de thanh cong","24|53","Nha xuat ban Quan doi.","CN|Tieng Trung Quoc|Chinese","18/11/2016 10:23:51","17/04/1987 23:39:41","45","39"
"2","242","Cach nghi de thanh cong","15|20","Kim Dong","VN|Tieng Viet|Vietnamese","28/04/1985 23:53:15","42","18"
"3","243","Tieu thuyet Bo Gia","12","Nha xuat ban Tu phap.","TH|Tieng Thanh Hoa|Unknown","EN|Tieng Anh|English","Vietnamese","07/01/2011 15:40:04","12/08/1987 08:42:24","3","1"
"4","244","Cach nghi de thanh cong","27|19","Nha xuat ban Chinh tri Quoc gia.","CN|Tieng Trung Quoc|Chinese","23/01/2019 04:17:56","09/11/1987 04:38:59","5","5"
"3","245","Dac Nhan Tam","53","Nha xuat ban Hong Duc.","TH|Tieng Thanh Hoa|Unknown","JP|Tieng Nhat|Japanese","vietnamese","30/09/2014 12:56:32","28/04/1985 23:53:15","29","21"
"2","246","Tieu thuyet Bo Gia","31","Tuoi Tre","VN|Tieng Viet|Vietnamese","11/03/2002 16:17:29","48","13"
"2","247","Quang ganh lo di va vui song","29","NXB Giao Duc","VN|Tieng Viet|Vietnamese","12/04/1996 19:24:40","41","26"
"2","248","Hat giong tam hon","17|48","Kim Dong","VN|Tieng Viet|Vietnamese","09/02/1993 04:48:20","58","4"
"2","249","Quang ganh lo di va vui song","24","NXB Giao Duc","VN|Tieng Viet|Vietnamese","25/05/2000 10:01:36","54","26"
"4","250","Tieu thuyet Bo Gia","24","Nha xuat ban Chinh tri Quoc gia.","CN|Tieng Trung Quoc|Chinese","14/09/2012 19:07:57","25/12/1995 02:00:40","24","8"
"4","251","Cach nghi de thanh cong","1","Nha xuat ban Hong Duc.","KR|Tieng Nam Han|Korean","02/11/2020 16:59:37","17/02/1987 17:14:25","20","4"
"1","252","Hoa Nang","15","Hoa Hoc Tro","20/10/1999 07:13:29","21","14"
"3","253","Cach nghi de thanh cong","13","Nha xuat ban Thanh nien.","TH|Tieng Thanh Hoa|Unknown","ES|Tieng Tay Ban Nha|Spanish","Vietnamese","10/06/2019 20:53:19","19/08/1986 05:40:35","3","3"
"3","254","Cach nghi de thanh cong","14","Nha xuat ban Chinh tri Quoc gia.","TH|Tieng Thanh Hoa|Unknown","JP|Tieng Nhat|Japanese","English","03/08/2019 05:40:52","09/02/1993 04:48:20","15","9"
"4","255","Cach nghi de thanh cong","33","Nha xuat ban Kim Dong.","RU|Tieng Nga|Russian","06/05/2012 18:04:37","27/01/1998 10:06:40","3","3"
"2","256","Cach nghi de thanh cong","10|54","NXB Giao Duc","VN|Tieng Viet|Vietnamese","18/11/1988 05:16:32","52","23"
"1","257","Ngay dang nho","22","Hoa Hoc Tro","24/08/1992 01:14:28","11","8"
"4","258","Dac Nhan Tam","8","Nha xuat ban Hong Duc.","EN|Tieng Anh|English","01/12/2013 00:44:04","09/08/1988 12:56:30","12","10"
"4","259","Doc Vi Bat Ky Ai","37","Nha xuat ban Hong Duc.","CN|Tieng Trung Quoc|Chinese","17/05/2015 02:48:59","28/11/1988 19:59:49","26","14"
"4","260","Cach nghi de thanh cong","22","Nha xuat ban Kim Dong.","EN|Tieng Anh|English","05/02/2011 07:21:02","15/09/1997 14:19:37","45","38"
"2","261","Doc Vi Bat Ky Ai","16","Tuoi Tre","VN|Tieng Viet|Vietnamese","25/05/2000 10:01:36","59","8"
"4","262","Dac Nhan Tam","43","Nha xuat ban Hong Duc.","EN|Tieng Anh|English","09/07/2012 22:15:19","21/03/1981 13:42:56","17","9"
"2","263","Doc Vi Bat Ky Ai","38","Tuoi Tre","VN|Tieng Viet|Vietnamese","12/08/1987 08:42:24","45","3"
"3","264","Dac Nhan Tam","17","Nha xuat ban Lao dong.","TH|Tieng Thanh Hoa|Unknown","KR|Tieng Nam Han|Korean","English","21/09/2020 08:49:41","11/03/2002 16:17:29","9","9"
"3","265","Cach nghi de thanh cong","6|52|10","Nha xuat ban Cong an nhan dan.","TH|Tieng Thanh Hoa|Unknown","CN|Tieng Trung Quoc|Chinese","English","07/04/2019 23:42:13","25/05/2000 10:01:36","7","1"
"2","266","Cach nghi de thanh cong","1","Kim Dong","VN|Tieng Viet|Vietnamese","15/11/1987 06:44:06","43","4"
"1","267","Giai do Le Quy Don","44","Khan Quang Do","24/04/1999 11:52:18","7","5"
"3","268","Quang ganh lo di va vui song","54|6","Nha xuat ban Thanh nien.","TH|Tieng Thanh Hoa|Unknown","CN|Tieng Trung Quoc|Chinese","Vietnamese","21/06/2014 22:32:59","15/11/1987 06:44:06","15","8"
"3","269","Cach nghi de thanh cong","21","Nha xuat ban Tu phap.","TH|Tieng Thanh Hoa|Unknown","KR|Tieng Nam Han|Korean","Vietnamese","06/01/2017 02:20:51","25/05/2000 10:01:36","49","35"
"2","270","Dac Nhan Tam","49|38","Tuoi Tre","VN|Tieng Viet|Vietnamese","21/01/1993 02:17:25","57","11"
"3","271","Hat giong tam hon","39|9","Nha xuat ban Quan doi.","TH|Tieng Thanh Hoa|Unknown","EN|Tieng Anh|English","Vietnamese","23/03/2014 17:59:01","16/12/1984 10:47:41","21","9"
"4","272","Cach nghi de thanh cong","37|46","Nha xuat ban Thanh nien.","EN|Tieng Anh|English","25/07/2011 15:13:55","26/08/1988 02:01:39","27","27"
"1","273","Bao Thanh Nien so bao thu 42","26|19","Thanh Nien","14/02/1997 07:20:55","6","1"
"4","274","Hat giong tam hon","42","Nha xuat ban Chinh tri Quoc gia.","EN|Tieng Anh|English","07/10/2010 00:21:14","20/07/1995 07:05:05","13","0"
"2","275","Cach nghi de thanh cong","33","Kim Dong","VN|Tieng Viet|Vietnamese","19/06/1991 21:06:56","47","5"
"4","276","Cach nghi de thanh cong","38","Nha xuat ban Chinh tri Quoc gia.","EN|Tieng Anh|English","18/04/2012 18:45:44","19/08/1989 08:23:20","29","24"
"1","277","Bao Lao Dong tuan 71","5","Lao Dong","10/12/1984 21:29:06","6","2"
"2","278","Quang ganh lo di va vui song","44|47","Tuoi Tre","VN|Tieng Viet|Vietnamese","19/06/1991 21:06:56","55","21"
"1","279","Bao Lao Dong tuan 12","19|32","Lao Dong","15/03/1989 14:45:15","37","28"
"1","280","Bao Lao Dong tuan 24","8","Lao Dong","21/04/1997 20:15:38","31","28"
"3","281","Doc Vi Bat Ky Ai","3|17","Nha xuat ban Quan doi.","TH|Tieng Thanh Hoa|Unknown","KR|Tieng Nam Han|Korean","Vietnamese","29/08/2013 14:18:13","28/04/1985 23:53:15","34","9"
"2","282","Quang ganh lo di va vui song","22","Kim Dong","VN|Tieng Viet|Vietnamese","21/01/1993 02:17:25","45","12"
"2","283","Quang ganh lo di va vui song","35","Kim Dong","VN|Tieng Viet|Vietnamese","21/01/1993 02:17:25","53","30"
"2","284","Hat giong tam hon","56","NXB Giao Duc","VN|Tieng Viet|Vietnamese","13/06/1995 19:31:29","60","21"
"3","285","Quang ganh lo di va vui song","1","Nha xuat ban Chinh tri Quoc gia.","TH|Tieng Thanh Hoa|Unknown","EN|Tieng Anh|English","Vietnamese","30/08/2016 11:03:44","16/12/1984 10:47:41","21","0"
"3","286","Hat giong tam hon","57","Nha xuat ban Thanh nien.","TH|Tieng Thanh Hoa|Unknown","EN|Tieng Anh|English","Vietnamese","06/03/2018 09:03:49","19/06/1991 21:06:56","5","2"
"2","287","Cach nghi de thanh cong","51","Kim Dong","VN|Tieng Viet|Vietnamese","11/03/2002 16:17:29","46","20"
"4","288","Tieu thuyet Bo Gia","57","Nha xuat ban Quan doi.","EN|Tieng Anh|English","17/10/2010 19:45:13","23/10/1986 15:21:49","56","8"
"2","289","Hat giong tam hon","16|38","NXB Giao Duc","VN|Tieng Viet|Vietnamese","12/08/1987 08:42:24","59","24"
"2","290","Dac Nhan Tam","46|33","Kim Dong","VN|Tieng Viet|Vietnamese","12/04/1996 19:24:40","58","30"
"3","291","Tieu thuyet Bo Gia","5","Nha xuat ban Hong Duc.","TH|Tieng Thanh Hoa|Unknown","ES|Tieng Tay Ban Nha|Spanish","English","02/08/2016 08:43:33","18/11/1988 05:16:32","22","12"
"4","292","Cach nghi de thanh cong","46","Nha xuat ban Chinh tri Quoc gia.","EN|Tieng Anh|English","05/05/2018 08:23:37","28/03/1998 06:06:02","35","31"
"4","293","Cach nghi de thanh cong","19","Nha xuat ban Quan doi.","ES|Tieng Tay Ban Nha|Spanish","04/08/2012 18:19:28","02/05/1982 01:06:15","48","46"
"2","294","Hat giong tam hon","14","Kim Dong","VN|Tieng Viet|Vietnamese","25/09/1989 09:17:13","60","16"
"4","295","Dac Nhan Tam","42|25|22","Nha xuat ban Kim Dong.","ES|Tieng Tay Ban Nha|Spanish","26/03/2017 18:14:38","02/02/1985 10:23:54","59","3"
"4","296","Doc Vi Bat Ky Ai","26","Nha xuat ban Thanh nien.","CN|Tieng Trung Quoc|Chinese","10/11/2015 18:52:12","30/12/1991 09:28:37","25","13"
"4","297","Dac Nhan Tam","35|2","Nha xuat ban Quan doi.","CN|Tieng Trung Quoc|Chinese","23/10/2020 02:08:51","20/12/1988 04:53:16","16","5"
"2","298","Dac Nhan Tam","55|8","Kim Dong","VN|Tieng Viet|Vietnamese","16/12/1984 10:47:41","58","11"
"2","299","Quang ganh lo di va vui song","53|29","Kim Dong","VN|Tieng Viet|Vietnamese","12/08/1987 08:42:24","51","23"
"3","300","Hat giong tam hon","26","Nha xuat ban Thanh nien.","TH|Tieng Thanh Hoa|Unknown","ES|Tieng Tay Ban Nha|Spanish","English","29/10/2016 14:16:23","15/11/1987 06:44:06","16","1"
"3","301","Tieu thuyet Bo Gia","32","Nha xuat ban Hong Duc.","TH|Tieng Thanh Hoa|Unknown","RU|Tieng Nga|Russian","English","16/08/2020 22:02:44","21/01/1993 02:17:25","10","5"
"2","302","Cach nghi de thanh cong","52|29","NXB Giao Duc","VN|Tieng Viet|Vietnamese","28/04/1985 23:53:15","53","6"
"3","303","Quang ganh lo di va vui song","4|10","Nha xuat ban Quan doi.","TH|Tieng Thanh Hoa|Unknown","CN|Tieng Trung Quoc|Chinese","Vietnamese","09/03/2020 04:54:09","28/04/1985 23:53:15","6","2"
"1","304","Lan toa","50|56","Hoa Hoc Tro","12/10/1997 12:21:51","43","29"
"2","305","Quang ganh lo di va vui song","38","NXB Giao Duc","VN|Tieng Viet|Vietnamese","25/05/2000 10:01:36","41","19"
"3","306","Doc Vi Bat Ky Ai","10","Nha xuat ban Hong Duc.","TH|Tieng Thanh Hoa|Unknown","EN|Tieng Anh|English","Vietnamese","30/05/2017 08:25:51","25/05/2000 10:01:36","4","2"
"4","307","Quang ganh lo di va vui song","6","Nha xuat ban Thanh nien.","KR|Tieng Nam Han|Korean","10/05/2014 21:27:08","29/04/1996 01:54:15","22","9"
"3","308","Cach nghi de thanh cong","44|29|47","Nha xuat ban Chinh tri Quoc gia.","TH|Tieng Thanh Hoa|Unknown","RU|Tieng Nga|Russian","English","15/09/2016 14:50:05","25/09/1989 09:17:13","3","2"
"2","309","Tieu thuyet Bo Gia","21|52","Tuoi Tre","VN|Tieng Viet|Vietnamese","16/12/1984 10:47:41","47","5"
"4","310","Hat giong tam hon","28|4","Nha xuat ban Kim Dong.","EN|Tieng Anh|English","29/06/2015 13:28:44","24/12/1991 01:10:38","60","58"
"4","311","Hat giong tam hon","13|40","Nha xuat ban Quan doi.","EN|Tieng Anh|English","15/10/2010 23:23:55","22/06/1990 20:30:05","10","3"
"4","312","Cach nghi de thanh cong","10","Nha xuat ban Lao dong.","FR|Tieng Phap|French","19/12/2018 02:02:44","09/02/1999 23:50:56","25","6"
"1","313","Lop hoc ki thu","52","Hoa Hoc Tro","08/02/2000 22:39:05","34","19"
"4","314","Quang ganh lo di va vui song","26","Nha xuat ban Cong an nhan dan.","FR|Tieng Phap|French","22/06/2015 08:13:58","29/01/1983 09:05:12","14","7"
"2","315","Dac Nhan Tam","27|21","Tuoi Tre","VN|Tieng Viet|Vietnamese","19/08/1986 05:40:35","60","6"
"2","316","Tieu thuyet Bo Gia","56|3","NXB Giao Duc","VN|Tieng Viet|Vietnamese","16/12/1984 10:47:41","49","26"
"3","317","Hat giong tam hon","23|51","Nha xuat ban Kim Dong.","TH|Tieng Thanh Hoa|Unknown","KR|Tieng Nam Han|Korean","English","03/12/2012 09:46:50","09/02/1993 04:48:20","1","0"
"3","318","Hat giong tam hon","39|5","Nha xuat ban Thanh nien.","TH|Tieng Thanh Hoa|Unknown","KR|Tieng Nam Han|Korean","Vietnamese","05/11/2020 02:47:48","13/06/1995 19:31:29","11","9"
"1","319","Bao Thanh Nien so bao thu 50","35|50","Thanh Nien","29/09/1985 20:12:39","45","31"
"4","320","Doc Vi Bat Ky Ai","56","Nha xuat ban Chinh tri Quoc gia.","EN|Tieng Anh|English","25/02/2016 20:51:40","13/12/1987 17:34:37","48","48"
"3","321","Cach nghi de thanh cong","12|12","Nha xuat ban Tu phap.","TH|Tieng Thanh Hoa|Unknown","EN|Tieng Anh|English","Vietnamese","04/02/2015 12:35:55","15/11/1987 06:44:06","29","21"
"1","322","Bao Thanh Nien so bao thu 9","11|23","Thanh Nien","08/01/1986 13:59:39","35","1"
"4","323","Dac Nhan Tam","42","Nha xuat ban Thanh nien.","EN|Tieng Anh|English","19/11/2014 16:20:22","09/03/1985 23:14:35","16","3"
"3","324","Hat giong tam hon","27","Nha xuat ban Tu phap.","TH|Tieng Thanh Hoa|Unknown","FR|Tieng Phap|French","Vietnamese","24/12/2010 20:32:56","19/06/1991 21:06:56","8","6"
"4","325","Cach nghi de thanh cong","54|28","Nha xuat ban Chinh tri Quoc gia.","EN|Tieng Anh|English","25/02/2016 00:40:12","24/07/1988 22:19:09","27","16"
"4","326","Cach nghi de thanh cong","40","Nha xuat ban Chinh tri Quoc gia.","EN|Tieng Anh|English","01/07/2013 10:14:47","02/09/1996 02:06:40","50","47"
"3","327","Cach nghi de thanh cong","32","Nha xuat ban Hong Duc.","TH|Tieng Thanh Hoa|Unknown","FR|Tieng Phap|French","Vietnamese","22/09/2016 00:34:24","21/01/1993 02:17:25","5","5"
"3","328","Cach nghi de thanh cong","2|46","Nha xuat ban Tu phap.","TH|Tieng Thanh Hoa|Unknown","CN|Tieng Trung Quoc|Chinese","Vietnamese","10/02/2013 10:23:30","25/05/2000 10:01:36","8","4"
"4","329","Doc Vi Bat Ky Ai","48","Nha xuat ban Lao dong.","CN|Tieng Trung Quoc|Chinese","17/03/2019 00:20:56","22/02/1982 18:16:57","44","28"
"2","330","Quang ganh lo di va vui song","29|42","Tuoi Tre","VN|Tieng Viet|Vietnamese","25/05/2000 10:01:36","51","11"
"1","331","Bao Lao Dong tuan 55","23","Lao Dong","05/02/1992 09:53:13","5","0"
