"id","username","password","name","regtime","borntime","phone","email","address","catruc","luong"
"1","chu_mai_lien","lien","Chu Mai Lien","26/03/2013 06:20:02","#VALUE!","(08) 38463526","ChuMaiLien@gmail.com","176/9A Le Văn Sy, 10 ward, Ba Dinh Dist., Ca Mau","2","2000000"
"2","dau_minh_hong","hong","Dau Minh Hong","01/12/2010 17:24:44","#VALUE!","(08) 38120584","DauMinhHong@gmail.com","Unit 2, E.Town Building, 364 Cong Hoa, Da Lat, Hanoi","4","4000000"
"3","vo_minh_phuong","phuong","Vo Minh Phuong","14/04/2015 16:32:59","#VALUE!","84-4-2734022","VoMinhPhuong@gmail.com","52 Tue Tinh Street, Tan Binh Ward, Lam Dong","2","2000000"
"4","ninh_my_loi","loi","Ninh My Loi","19/10/2017 23:40:29","#VALUE!","(84-8) 3834 3691/(84-8) 3832 7725","NinhMyLoi@gmail.com","58B Do Thanh Living Quarter, Ward 4, District 3, Ho Chi Minh City, Binh Phuoc","3","3000000"
"5","vu_my_phuong","phuong","Vu My Phuong","02/11/2017 11:20:38","#VALUE!","(84-77) 3 869 516/(84-77) 3 845 845","VuMyPhuong@gmail.com","11 Mau Than Street, Rach Gia Township, Ha Dong, Ho Chi Minh City","5","5000000"
"6","lam_my_thuan","thuan","Lam My Thuan","31/03/2013 12:59:41","#VALUE!","(84-8) 38 277 839","LamMyThuan@gmail.com","88 Nguyen Du Street, District 1, Ho Chi Minh City, Hanoi","2","2000000"
"7","leu_ngoc_ðao","ðao","Leu Ngoc Ðao","19/02/2020 14:09:22","#VALUE!","04. 3622 8177","LeuNgocÐao@gmail.com","181 Bach Mai, Tan Phong Ward, Ho Chi Minh City","4","4000000"
"8","bo_ngoc_lien","lien","Bo Ngoc Lien","08/01/2018 02:47:04","#VALUE!","(08) 38400142","BoNgocLien@gmail.com","12A13 Me Linh, Ward 19, Dong Da District, Dong Nai","3","3000000"
"9","quang_nguyet_hong","hong","Quang Nguyet Hong","10/05/2019 08:31:08","#VALUE!","(84-8) 5411 1037","QuangNguyetHong@gmail.com","09 Cao Trieu Phat Street, Hung Phuoc 1, Tan Phong Ward, Cao Bang Province, Hanoi","6","6000000"
"10","ca_nhat_lan","lan","Ca Nhat Lan","09/08/2020 01:45:13","#VALUE!","(84-4) 38 733 744","CaNhatLan@gmail.com","63 Nguyen Son Street, Ha Noi, Cao Bang","2","2000000"
"","","","","","","","","","",""
"","","","","","","","","","",""
"","","","","","","","","","",""
"","","","","","","","","","",""
"","","","","","","","","","",""
"","","","","","","","","","",""
"","","","","","","","","","",""
"","","","","","","","","","",""
"","","","","","","","","","",""
"","","","","","","","","","",""
"","","","","","","","","","",""
"","","","","","","","","","",""
"","","","","","","","","","",""
"","","","","","","","","","",""
"","","","","","","","","","",""
"","","","","","","","","","",""
"","","","","","","","","","",""
"","","","","","","","","","",""
"","","","","","","","","","",""
"","","","","","","","","","",""
"","","","","","","","","","",""
"","","","","","","","","","",""
"","","","","","","","","","",""
"","","","","","","","","","",""
"","","","","","","","","","",""
"","","","","","","","","","",""
"","","","","","","","","","",""
"","","","","","","","","","",""
"","","","","","","","","","",""
"","","","","","","","","","",""
"","","","","","","","","","",""
"","","","","","","","","","",""
"","","","","","","","","","",""
"","","","","","","","","","",""
"","","","","","","","","","",""
"","","","","","","","","","",""
"","","","","","","","","","",""
"","","","","","","","","","",""
"","","","","","","","","","",""
"","","","","","","","","","",""
"","","","","","","","","","",""
"","","","","","","","","","",""
"","","","","","","","","","",""
"","","","","","","","","","",""
"","","","","","","","","","",""
"","","","","","","","","","",""
"","","","","","","","","","",""
"","","","","","","","","","",""
"","","","","","","","","","",""
"","","","","","","","","","",""
"","","","","","","","","","",""
"","","","","","","","","","",""
"","","","","","","","","","",""
"","","","","","","","","","",""
"","","","","","","","","","",""
"","","","","","","","","","",""
"","","","","","","","","","",""
"","","","","","","","","","",""
"","","","","","","","","","",""
"","","","","","","","","","",""
"","","","","","","","","","",""
"","","","","","","","","","",""
"","","","","","","","","","",""
"","","","","","","","","","",""
"","","","","","","","","","",""
"","","","","","","","","","",""
"","","","","","","","","","",""
"","","","","","","","","","",""
"","","","","","","","","","",""
"","","","","","","","","","",""
"","","","","","","","","","",""
"","","","","","","","","","",""
"","","","","","","","","","",""
"","","","","","","","","","",""
"","","","","","","","","","",""
"","","","","","","","","","",""
"","","","","","","","","","",""
"","","","","","","","","","",""
"","","","","","","","","","",""
"","","","","","","","","","",""
"","","","","","","","","","",""
"","","","","","","","","","",""
"","","","","","","","","","",""
"","","","","","","","","","",""
"","","","","","","","","","",""
"","","","","","","","","","",""
"","","","","","","","","","",""
"","","","","","","","","","",""
"","","","","","","","","","",""
"","","","","","","","","","",""
"","","","","","","","","","",""
"","","","","","","","","","",""
"","","","","","","","","","",""
"","","","","","","","","","",""
"","","","","","","","","","",""
"","","","","","","","","","",""
"","","","","","","","","","",""
