"The loai","ID","Name","Author","Array[4]","Array[5]","Array[6]","Array[7]","Array[8]","Array[9]","Array[10]","Array[11]",""
"3","66","Cach nghi de thanh cong","Winifrid","Nha xuat ban Kim Dong.","Nguyen Thanh Tuyet","English","Vietnamese","24/10/2016 00:09:38","12/04/1996 19:24:40","7","0",""
"4","215","Hat giong tam hon","Nguyen Anh Thai","Nha xuat ban Chinh tri Quoc gia.","Spanish","03/11/2015 14:56:10","27/08/1984 09:35:59","16","15","","",""
"4","135","Hat giong tam hon","Hoang The Anh","Nha xuat ban Quan doi.","French","12/07/2012 08:28:45","08/01/1998 07:27:46","33","10","","",""
"4","151","Dac Nhan Tam","Tran Cam Chi","Nha xuat ban Chinh tri Quoc gia.","Chinese","21/06/2015 04:41:15","29/04/1990 01:27:18","31","22","","",""
"2","246","Doc Vi Bat Ky Ai","Tran Vi An","NXB Giao Duc","Vietnamese","15/11/1987 06:44:06","52","23","","","",""
"3","79","Hat giong tam hon","Blecher","Nha xuat ban Kim Dong.","An Thien Trang","Chinese","English","23/10/2012 20:57:19","19/08/1986 05:40:35","15","9",""
"3","107","Quang ganh lo di va vui song","Andromeda","Nha xuat ban Lao dong.","Tran Cam Chi","Japanese","vietnamese","07/08/2019 13:51:56","16/12/1984 10:47:41","11","5",""
"3","65","Dac Nhan Tam","Winifrid","Nha xuat ban Hong Duc.","Nguyen Tue Man","English","Vietnamese","26/04/2020 18:42:26","21/01/1993 02:17:25","2","1",""
"3","71","Hat giong tam hon","Winifrid","Nha xuat ban Chinh tri Quoc gia.","Nguyen Xuan Lan","English","Vietnamese","12/09/2014 09:00:28","16/12/1984 10:47:41","19","7",""
"4","218","Cach nghi de thanh cong","Nguyen Bich Thao","Nha xuat ban Chinh tri Quoc gia.","Spanish","20/03/2013 15:30:26","25/08/1997 01:34:26","5","0","","",""
"4","225","Dac Nhan Tam","Nguyen Le Chi","Nha xuat ban Lao dong.","Korean","10/07/2019 19:34:54","26/03/1995 03:16:47","53","38","","",""
"2","269","Hat giong tam hon","Nguyen Le Chi","Kim Dong","Vietnamese","19/06/1991 21:06:56","43","24","","","",""
"4","216","Quang ganh lo di va vui song","Nguyen Gia Thien","Nha xuat ban Tu phap.","Spanish","29/04/2014 21:17:33","10/05/1997 07:41:08","19","19","","",""
"3","61","Tieu thuyet Bo Gia","Angelis","Nha xuat ban Chinh tri Quoc gia.","Nguyen Van Ngoc","English","Vietnamese","02/04/2014 04:57:01","19/08/1986 05:40:35","7","6",""
"3","116","Dac Nhan Tam","Dinara","Nha xuat ban Kim Dong.","Nguyen Bao Lan","Russian","vietnamese","01/10/2017 04:03:55","15/11/1987 06:44:06","3","0",""
"4","196","Quang ganh lo di va vui song","Hoang The Son","Nha xuat ban Chinh tri Quoc gia.","English","22/03/2020 04:14:50","06/12/1997 01:06:35","9","9","","",""
"4","229","Cach nghi de thanh cong","Nguyen Xuan Lan","Nha xuat ban Tu phap.","Russian","10/05/2020 01:12:12","08/01/1995 11:07:58","57","28","","",""
"3","114","Hat giong tam hon","Dinara","Nha xuat ban Chinh tri Quoc gia.","Nguyen Anh Thai","Russian","vietnamese","24/10/2014 23:13:16","25/05/2000 10:01:36","22","14",""
"3","73","Dac Nhan Tam","Blecher","Nha xuat ban Kim Dong.","Vo Hai Nam","French","Vietnamese","17/08/2018 02:31:15","13/06/1995 19:31:29","60","44",""
"3","46","Dac Nhan Tam","Shukri","Nha xuat ban Quan doi.","Tran Ngoc Diem","Chinese","Vietnamese","23/08/2011 22:59:01","18/11/1988 05:16:32","15","13",""
"2","308","Hat giong tam hon","Tran Ai Nhi","Tuoi Tre","Vietnamese","12/04/1996 19:24:40","47","1","","","",""
"4","146","Doc Vi Bat Ky Ai","Tran Bich Phuong","Nha xuat ban Hong Duc.","French","08/06/2013 10:51:58","26/03/1997 08:44:36","13","7","","",""
"3","92","Cach nghi de thanh cong","Andromeda","Nha xuat ban Quan doi.","Hoang Duong Anh","English","Vietnamese","11/02/2011 14:07:52","25/05/2000 10:01:36","2","0",""
"4","182","Dac Nhan Tam","An Bich Hao","Nha xuat ban Lao dong.","English","24/02/2016 19:26:54","01/05/1997 11:45:06","19","13","","",""
"3","127","Tieu thuyet Bo Gia","Jiang","Nha xuat ban Chinh tri Quoc gia.","Nguyen Xuyen Chi","Korean","Vietnamese","17/12/2010 04:00:31","13/06/1995 19:31:29","10","1",""
"2","274","Cach nghi de thanh cong","Nguyen Phuong Khanh Huyen","Kim Dong","Vietnamese","19/06/1991 21:06:56","48","21","","","",""
"3","109","Cach nghi de thanh cong","Andromeda","Nha xuat ban Kim Dong.","Nguyen Ngoc Thach","Japanese","vietnamese","02/10/2013 18:49:57","13/06/1995 19:31:29","6","0",""
"2","329","Cach nghi de thanh cong","Nguyen Xuyen Chi","Kim Dong","Vietnamese","25/09/1989 09:17:13","48","11","","","",""
"3","110","Doc Vi Bat Ky Ai","Dinara","Nha xuat ban Thanh nien.","Nguyen Thanh Thien","Japanese","vietnamese","13/05/2012 11:32:10","25/05/2000 10:01:36","9","9",""
"2","318","Cach nghi de thanh cong","Nguyen Bao Lan","Tuoi Tre","Vietnamese","12/04/1996 19:24:40","44","26","","","",""
"3","35","Quang ganh lo di va vui song","Henderson","Nha xuat ban Cong an nhan dan.","Hoang Duong Anh","Chinese","Vietnamese","20/11/2013 21:34:20","19/06/1991 21:06:56","13","1",""
"4","219","Doc Vi Bat Ky Ai","Nguyen Van Ngoc","Nha xuat ban Tu phap.","Spanish","21/02/2019 19:44:21","06/01/1990 04:52:43","39","12","","",""
"4","132","Nha Gia Kim","Hoang Ngoc Quang","Nha xuat ban Chinh tri Quoc gia.","French","05/10/2011 19:05:41","10/11/1982 05:22:48","19","4","","",""
"3","80","Quang ganh lo di va vui song","Blecher","Nha xuat ban Thanh nien.","An Anh Ngoc","Chinese","English","16/10/2011 05:11:08","15/11/1987 06:44:06","12","7",""
"3","31","Nha Gia Kim","Henderson","Nha xuat ban Chinh tri Quoc gia.","Hoang Ngoc Quang","French","Vietnamese","21/04/2015 02:36:55","25/09/1989 09:17:13","38","1",""
"2","238","Hat giong tam hon","Hoang Hong Thinh","Kim Dong","Vietnamese","09/02/1993 04:48:20","60","7","","","",""
"4","203","Doc Vi Bat Ky Ai","Tran Bich Phuong","Nha xuat ban Lao dong.","English","08/07/2013 01:55:06","31/08/1992 05:36:46","35","23","","",""
"4","200","Doc Vi Bat Ky Ai","Tran Nhat Thuong","Nha xuat ban Lao dong.","English","09/01/2015 23:59:34","29/01/1982 07:52:37","36","5","","",""
"2","240","Doc Vi Bat Ky Ai","Hoang The Son","Kim Dong","Vietnamese","11/03/2002 16:17:29","43","4","","","",""
"1","10","Bao Lao Dong tuan 7","Nguyen Phuong Khanh Huyen","Lao Dong","30/08/1996 02:22:09","25/05/2019 02:46:46","24","1","","","",""
"3","86","Quang ganh lo di va vui song","Blecher","Nha xuat ban Kim Dong.","An Phuong Bao Han","French","Vietnamese","03/02/2012 22:06:17","09/02/1993 04:48:20","48","35",""
"3","76","Doc Vi Bat Ky Ai","Blecher","Nha xuat ban Hong Duc.","An Thanh Chau","Chinese","English","19/06/2015 14:12:49","15/11/1987 06:44:06","24","23",""
"1","25","Giai ma bi an","An Thai Thanh","Hoa Hoc Tro","11/05/1994 16:41:32","29/05/2015 00:41:34","42","34","","","",""
"3","64","Quang ganh lo di va vui song","Winifrid","Nha xuat ban Lao dong.","Nguyen Thuy Trang","English","Vietnamese","30/06/2014 09:09:47","18/11/1988 05:16:32","34","31",""
"2","300","Hat giong tam hon","Tran Uyen Nhi","Tuoi Tre","Vietnamese","25/09/1989 09:17:13","59","16","","","",""
"2","267","Dac Nhan Tam","Nguyen Tue Man","Kim Dong","Vietnamese","21/01/1993 02:17:25","56","30","","","",""
"3","99","Doc Vi Bat Ky Ai","Andromeda","Nha xuat ban Lao dong.","Tran Nhat Thuong","Spanish","English","12/04/2017 18:13:32","25/09/1989 09:17:13","5","3",""
"2","260","Cach nghi de thanh cong","Nguyen Gia Thien","NXB Giao Duc","Vietnamese","15/11/1987 06:44:06","54","16","","","",""
"4","214","Cach nghi de thanh cong","Nguyen Duy Hung","Nha xuat ban Kim Dong.","Spanish","14/10/2011 12:03:06","21/10/1999 20:40:29","19","4","","",""
"3","52","Hat giong tam hon","Angelis","Nha xuat ban Chinh tri Quoc gia.","Nguyen Ngoc Thach","English","Vietnamese","02/01/2011 11:26:44","11/03/2002 16:17:29","18","0",""
"4","137","Doc Vi Bat Ky Ai","Hoang Hong Thinh","Nha xuat ban Kim Dong.","French","01/07/2011 02:08:08","09/06/1998 19:53:26","36","11","","",""
"3","96","Dac Nhan Tam","Andromeda","Nha xuat ban Chinh tri Quoc gia.","Hoang Thanh Nguyen","Spanish","Vietnamese","12/01/2016 13:18:47","25/05/2000 10:01:36","7","4",""
"4","164","Hat giong tam hon","Nguyen Tu Linh","Nha xuat ban Kim Dong.","Chinese","08/12/2016 00:39:26","27/08/1981 09:11:23","31","20","","",""
"2","325","Dac Nhan Tam","Nguyen Thanh Tuyet","Kim Dong","Vietnamese","13/06/1995 19:31:29","49","13","","","",""
"2","321","Cach nghi de thanh cong","Nguyen Van Chi","Tuoi Tre","Vietnamese","12/08/1987 08:42:24","46","21","","","",""
"2","330","Cach nghi de thanh cong","Nguyen Xuan Lan","Kim Dong","Vietnamese","18/11/1988 05:16:32","51","3","","","",""
"4","206","Cach nghi de thanh cong","Tran Thien Giang","Nha xuat ban Tu phap.","English","07/02/2018 01:47:10","20/01/1992 08:18:50","47","11","","",""
"2","283","Cach nghi de thanh cong","An Bich Hao","Tuoi Tre","Vietnamese","15/11/1987 06:44:06","57","19","","","",""
"2","261","Hat giong tam hon","Nguyen Bao Lan","NXB Giao Duc","Vietnamese","13/06/1995 19:31:29","57","10","","","",""
"1","29","Chuyen cua em","Hoang Thanh Nguyen","Khan Quang Do","15/10/1981 19:09:11","02/05/2014 16:16:49","10","9","","","",""
"2","290","Cach nghi de thanh cong","Hoang Ngoc Quang","NXB Giao Duc","Vietnamese","21/01/1993 02:17:25","45","25","","","",""
"4","156","Dac Nhan Tam","Nguyen Khai Tam","Nha xuat ban Thanh nien.","Chinese","15/02/2016 21:30:09","21/08/1992 14:17:18","34","11","","",""
"2","258","Quang ganh lo di va vui song","Nguyen Duy Hung","NXB Giao Duc","Vietnamese","25/05/2000 10:01:36","56","26","","","",""
"4","190","Hat giong tam hon","Hoang Hong Quy","Nha xuat ban Quan doi.","English","16/04/2017 06:20:31","02/08/1987 10:26:09","51","5","","",""
"2","245","Doc Vi Bat Ky Ai","Tran Viet Tuyet","NXB Giao Duc","Vietnamese","19/08/1986 05:40:35","59","22","","","",""
"4","213","Cach nghi de thanh cong","Nguyen Khai Tam","Nha xuat ban Tu phap.","Spanish","13/02/2019 00:27:23","17/01/1990 00:53:19","45","17","","",""
"1","3","Bao Thanh Nien so bao thu 5","Tran Uyen Nhi","Thanh Nien","05/07/1988 00:40:35","29/07/2011 07:21:29","37","13","","","",""
"2","319","Doc Vi Bat Ky Ai","Nguyen Bich Thao","Tuoi Tre","Vietnamese","19/06/1991 21:06:56","50","1","","","",""
"3","59","Doc Vi Bat Ky Ai","Angelis","Nha xuat ban Lao dong.","Nguyen Bao Lan","English","Vietnamese","05/07/2014 19:42:32","13/06/1995 19:31:29","2","2",""
"4","143","Cach nghi de thanh cong","Tran Nhat Thuong","Nha xuat ban Tu phap.","French","23/12/2014 16:04:11","30/03/1995 20:22:21","29","28","","",""
"2","303","Cach nghi de thanh cong","Tran Vi An","Tuoi Tre","Vietnamese","12/04/1996 19:24:40","49","12","","","",""
"2","280","Hat giong tam hon","An Ngoc Ha","Tuoi Tre","Vietnamese","13/06/1995 19:31:29","45","1","","","",""
"4","159","Quang ganh lo di va vui song","Nguyen Gia Thien","Nha xuat ban Thanh nien.","Chinese","30/10/2012 21:44:38","18/06/1987 14:05:22","16","0","","",""
"3","77","Tieu thuyet Bo Gia","Blecher","Nha xuat ban Quan doi.","An Hung Ðao","Chinese","English","30/11/2016 08:28:21","13/06/1995 19:31:29","19","3",""
"4","177","Doc Vi Bat Ky Ai","An Thanh Chau","Nha xuat ban Hong Duc.","English","06/07/2011 16:30:50","04/01/1982 13:50:42","40","27","","",""
"4","154","Quang ganh lo di va vui song","Nguyen Thanh Thien","Nha xuat ban Chinh tri Quoc gia.","Chinese","18/03/2015 17:26:54","01/10/1981 10:21:14","60","2","","",""
"2","247","Tieu thuyet Bo Gia","Tran Bich Phuong","NXB Giao Duc","Vietnamese","25/09/1989 09:17:13","43","10","","","",""
"2","233","Cach nghi de thanh cong","Hoang Ngoc Quang","Kim Dong","Vietnamese","25/09/1989 09:17:13","56","21","","","",""
"3","115","Quang ganh lo di va vui song","Dinara","Nha xuat ban Tu phap.","Nguyen Gia Thien","Russian","vietnamese","29/08/2015 04:41:07","19/08/1986 05:40:35","9","8",""
"4","176","Hat giong tam hon","An Cao Tho","Nha xuat ban Tu phap.","English","13/12/2011 23:58:34","09/12/1988 21:40:38","35","30","","",""
"4","186","Hat giong tam hon","An Ngoc Quynh","Nha xuat ban Tu phap.","English","19/08/2011 22:50:31","25/09/1986 05:18:20","60","20","","",""
"4","227","Doc Vi Bat Ky Ai","Nguyen Minh Tam","Nha xuat ban Quan doi.","Korean","07/06/2014 05:49:21","10/05/1990 07:08:38","50","37","","",""
"1","26","12 cung hoang dao","An Bao Ha","Khan Quang Do","18/12/1992 19:08:58","09/12/2016 19:38:20","6","5","","","",""
"3","75","Hat giong tam hon","Blecher","Nha xuat ban Tu phap.","An Cao Tho","Chinese","English","21/10/2013 01:35:57","19/08/1986 05:40:35","10","5",""
"3","51","Cach nghi de thanh cong","Angelis","Nha xuat ban Quan doi.","Nguyen Quang Thong","English","Vietnamese","11/07/2013 09:27:19","12/08/1987 08:42:24","5","3",""
"1","1","Bao Thanh Nien so bao thu 3","Hoang Thanh Nguyen","Thanh Nien","03/06/1999 14:03:16","22/04/2013 06:41:25","9","3","","","",""
"1","11","Bao Lao Dong tuan 36","Nguyen Minh Tam","Lao Dong","22/08/1982 20:19:55","26/11/2017 17:38:11","6","0","","","",""
"4","142","Dac Nhan Tam","Tran Uyen Nhi","Nha xuat ban Chinh tri Quoc gia.","French","22/09/2012 14:31:08","03/01/1998 05:16:55","45","5","","",""
"2","315","Cach nghi de thanh cong","Nguyen Duy Hung","Tuoi Tre","Vietnamese","13/06/1995 19:31:29","41","18","","","",""
"4","181","Quang ganh lo di va vui song","An Anh Ngoc","Nha xuat ban Thanh nien.","English","16/03/2016 13:11:46","31/05/1991 21:25:07","39","23","","",""
"3","121","Cach nghi de thanh cong","Dinara","Nha xuat ban Cong an nhan dan.","Nguyen Thuy Trang","Russian","English","21/10/2020 20:54:14","19/06/1991 21:06:56","24","16",""
"2","251","Dac Nhan Tam","Tran Ai Nhi","NXB Giao Duc","Vietnamese","19/06/1991 21:06:56","45","22","","","",""
"4","187","Quang ganh lo di va vui song","An Phuong Bao Han","Nha xuat ban Kim Dong.","English","17/12/2016 08:15:10","22/01/1981 00:02:48","44","23","","",""
"4","144","Hat giong tam hon","Tran Viet Tuyet","Nha xuat ban Kim Dong.","French","24/09/2011 09:27:43","19/12/1995 18:54:51","58","9","","",""
"4","231","Hat giong tam hon","Vo Hai Nam","Nha xuat ban Thanh nien.","Russian","04/01/2017 11:55:02","15/09/1988 08:51:23","40","28","","",""
"4","208","Quang ganh lo di va vui song","Tran Cam Chi","Nha xuat ban Lao dong.","English","04/08/2017 12:54:11","04/08/1992 10:53:55","30","20","","",""
"1","30","Uoc mo trong em","Hoang An Nam","Khan Quang Do","06/09/1983 05:04:42","23/08/2012 03:28:53","33","11","","","",""
"2","259","Dac Nhan Tam","Nguyen Anh Thai","NXB Giao Duc","Vietnamese","19/08/1986 05:40:35","44","8","","","",""
"4","232","Quang ganh lo di va vui song","An Son Tung","Nha xuat ban Hong Duc.","Japanese","26/11/2020 06:19:58","22/05/1984 04:54:56","37","15","","",""
"4","170","Tieu thuyet Bo Gia","Nguyen Minh Tam","Nha xuat ban Tu phap.","Spanish","04/10/2011 22:24:08","26/03/1982 16:41:35","34","11","","",""
"3","93","Cach nghi de thanh cong","Andromeda","Nha xuat ban Chinh tri Quoc gia.","Hoang Hong Thinh","English","Vietnamese","29/11/2016 13:12:51","19/08/1986 05:40:35","4","2",""
"4","134","Cach nghi de thanh cong","Hoang Ngoc Tru","Nha xuat ban Hong Duc.","French","31/05/2016 08:49:45","02/01/1988 03:36:31","26","11","","",""
"3","106","Hat giong tam hon","Andromeda","Nha xuat ban Kim Dong.","Tran Ai Nhi","Japanese","vietnamese","06/08/2017 12:10:17","11/03/2002 16:17:29","5","1",""
"4","197","Dac Nhan Tam","Hoang Thanh Nguyen","Nha xuat ban Chinh tri Quoc gia.","English","25/10/2019 02:18:53","14/07/1981 14:16:35","44","14","","",""
"4","165","Quang ganh lo di va vui song","Nguyen Thuy Trang","Nha xuat ban Lao dong.","Chinese","05/08/2016 02:34:30","16/04/1998 23:35:23","55","45","","",""
"4","220","Tieu thuyet Bo Gia","Nguyen Van Chi","Nha xuat ban Hong Duc.","Spanish","05/10/2020 07:22:57","08/09/1997 00:31:10","52","8","","",""
"2","326","Cach nghi de thanh cong","Nguyen Le Chi","Kim Dong","Vietnamese","25/05/2000 10:01:36","47","6","","","",""
"1","23","Co be  mong mo","An Bich Hao","Hoa Hoc Tro","28/11/1990 08:56:38","19/09/2014 11:54:59","49","11","","","",""
"3","63","Hat giong tam hon","Winifrid","Nha xuat ban Kim Dong.","Nguyen Tu Linh","English","Vietnamese","20/12/2015 20:59:01","25/09/1989 09:17:13","33","5",""
"2","234","Hat giong tam hon","Hoang Hong Quy","Kim Dong","Vietnamese","18/11/1988 05:16:32","44","15","","","",""
"4","173","Quang ganh lo di va vui song","Nguyen Phuong Khanh Huyen","Nha xuat ban Tu phap.","English","27/12/2016 21:14:26","26/07/1994 17:09:55","9","1","","",""
"3","55","Dac Nhan Tam","Angelis","Nha xuat ban Thanh nien.","Nguyen Khai Tam","English","Vietnamese","24/12/2018 09:29:51","13/06/1995 19:31:29","3","3",""
"3","87","Dac Nhan Tam","Blecher","Nha xuat ban Thanh nien.","An Hai Yen","French","Vietnamese","03/03/2019 05:23:47","12/08/1987 08:42:24","30","7",""
"3","120","Cach nghi de thanh cong","Dinara","Nha xuat ban Quan doi.","Nguyen Tu Linh","Russian","English","30/10/2020 19:57:19","12/04/1996 19:24:40","3","3",""
"4","158","Hat giong tam hon","Nguyen Anh Thai","Nha xuat ban Hong Duc.","Chinese","16/12/2019 19:43:14","25/11/1989 08:43:00","18","7","","",""
"4","199","Hat giong tam hon","Tran Uyen Nhi","Nha xuat ban Thanh nien.","English","31/07/2011 15:55:50","16/09/1990 20:35:20","41","21","","",""
"3","105","Cach nghi de thanh cong","Andromeda","Nha xuat ban Tu phap.","Tran Thien Giang","Japanese","English","03/02/2014 16:28:02","12/08/1987 08:42:24","31","9",""
"4","140","Hat giong tam hon","Hoang Thanh Nguyen","Nha xuat ban Hong Duc.","French","18/08/2011 07:34:27","07/06/1981 05:30:22","51","27","","",""
"2","254","Doc Vi Bat Ky Ai","Nguyen Ngoc Thach","NXB Giao Duc","Vietnamese","11/03/2002 16:17:29","42","11","","","",""
"2","294","Dac Nhan Tam","Hoang Duong Anh","NXB Giao Duc","Vietnamese","19/08/1986 05:40:35","44","5","","","",""
"3","95","Quang ganh lo di va vui song","Andromeda","Nha xuat ban Chinh tri Quoc gia.","Hoang The Son","English","Vietnamese","02/04/2012 13:29:12","13/06/1995 19:31:29","4","4",""
"1","8","Bao Thanh Nien so bao thu 10","Nguyen Xuyen Chi","Thanh Nien","21/11/1989 16:46:41","19/09/2017 06:05:28","41","28","","","",""
"2","287","Cach nghi de thanh cong","An Ngoc Quynh","NXB Giao Duc","Vietnamese","15/11/1987 06:44:06","54","8","","","",""
"4","133","Dac Nhan Tam","Hoang Hong Quy","Nha xuat ban Tu phap.","French","29/12/2018 05:06:58","17/01/1982 00:26:06","18","11","","",""
"4","169","Doc Vi Bat Ky Ai","Nguyen Quynh Thanh","Nha xuat ban Chinh tri Quoc gia.","Spanish","01/06/2019 23:01:25","13/09/1993 13:46:52","25","12","","",""
"3","82","Cach nghi de thanh cong","Blecher","Nha xuat ban Hong Duc.","An Man Nhi","Chinese","English","01/06/2016 12:04:34","18/11/1988 05:16:32","8","0",""
"1","14","Bao Lao Dong tuan 9","Nguyen Phuong Khanh Huyen","Lao Dong","23/05/1983 18:21:01","12/06/2018 15:42:35","19","6","","","",""
"4","212","Tieu thuyet Bo Gia","Nguyen Truong An","Nha xuat ban Chinh tri Quoc gia.","English","02/05/2012 22:31:30","02/09/1986 18:43:02","56","32","","",""
"3","129","Cach nghi de thanh cong","Jingyi","Nha xuat ban Kim Dong.","Nguyen Phuong Khanh Huyen","Korean","Vietnamese","26/02/2012 18:59:06","19/08/1986 05:40:35","28","13",""
"3","91","Tieu thuyet Bo Gia","Blecher","Nha xuat ban Tu phap.","Hoang The Anh","English","Vietnamese","28/07/2011 22:08:51","13/06/1995 19:31:29","29","29",""
"2","323","Hat giong tam hon","Nguyen Thuy Trang","Kim Dong","Vietnamese","16/12/1984 10:47:41","55","19","","","",""
"2","311","Cach nghi de thanh cong","Nguyen Ngoc Thach","Tuoi Tre","Vietnamese","12/08/1987 08:42:24","56","22","","","",""
"3","50","Dac Nhan Tam","Angelis","Nha xuat ban Chinh tri Quoc gia.","Tran Cam Chi","Chinese","Vietnamese","08/04/2011 18:25:20","09/02/1993 04:48:20","21","0",""
"3","112","Cach nghi de thanh cong","Dinara","Nha xuat ban Tu phap.","Nguyen Khai Tam","Russian","vietnamese","10/08/2020 04:15:02","15/11/1987 06:44:06","50","49",""
"3","123","Quang ganh lo di va vui song","Dinara","Nha xuat ban Thanh nien.","Nguyen Thanh Tuyet","Korean","English","30/06/2011 07:49:15","12/08/1987 08:42:24","31","14",""
"2","324","Quang ganh lo di va vui song","Nguyen Tue Man","Kim Dong","Vietnamese","28/04/1985 23:53:15","57","18","","","",""
"3","102","Doc Vi Bat Ky Ai","Andromeda","Nha xuat ban Lao dong.","Tran Bich Phuong","Spanish","English","28/11/2019 08:00:21","12/04/1996 19:24:40","18","4",""
"2","263","Tieu thuyet Bo Gia","Nguyen Van Ngoc","Kim Dong","Vietnamese","19/08/1986 05:40:35","58","17","","","",""
"4","141","Quang ganh lo di va vui song","Hoang An Nam","Nha xuat ban Quan doi.","French","22/02/2019 14:29:23","19/04/1982 10:22:40","28","7","","",""
"3","47","Cach nghi de thanh cong","Angelis","Nha xuat ban Chinh tri Quoc gia.","Tran Minh Ngan","Chinese","Vietnamese","31/03/2013 21:58:55","21/01/1993 02:17:25","34","28",""
"2","271","Hat giong tam hon","Nguyen Minh Tam","Kim Dong","Vietnamese","18/11/1988 05:16:32","59","1","","","",""
"3","101","Cach nghi de thanh cong","Andromeda","Nha xuat ban Thanh nien.","Tran Vi An","Spanish","English","11/11/2015 06:21:01","21/01/1993 02:17:25","12","11",""
"2","304","Doc Vi Bat Ky Ai","Tran Bich Phuong","Tuoi Tre","Vietnamese","19/06/1991 21:06:56","48","7","","","",""
"4","201","Tieu thuyet Bo Gia","Tran Viet Tuyet","Nha xuat ban Hong Duc.","English","23/08/2020 12:25:15","22/01/1981 20:25:10","5","1","","",""
"3","56","Cach nghi de thanh cong","Angelis","Nha xuat ban Lao dong.","Nguyen Duy Hung","English","Vietnamese","01/02/2013 23:56:52","25/05/2000 10:01:36","7","2",""
"3","131","Quang ganh lo di va vui song","Jingyi","Nha xuat ban Hong Duc.","Nguyen Thuy Trang","Korean","Vietnamese","26/03/2014 10:52:57","18/11/1988 05:16:32","21","8",""
"2","312","Doc Vi Bat Ky Ai","Nguyen Thanh Thien","Tuoi Tre","Vietnamese","11/03/2002 16:17:29","51","4","","","",""
"3","103","Tieu thuyet Bo Gia","Andromeda","Nha xuat ban Hong Duc.","Tran Ngoc Diem","Spanish","English","30/04/2014 09:04:48","19/06/1991 21:06:56","10","9",""
"3","94","Hat giong tam hon","Andromeda","Nha xuat ban Quan doi.","Hoang Quoc Minh","English","Vietnamese","29/11/2016 15:03:02","15/11/1987 06:44:06","20","15",""
"2","301","Quang ganh lo di va vui song","Tran Nhat Thuong","Tuoi Tre","Vietnamese","18/11/1988 05:16:32","42","19","","","",""
"1","6","Bao Thanh Nien so bao thu 15","Nguyen Quynh Thanh","Thanh Nien","23/08/1999 02:21:51","07/03/2013 16:58:47","29","25","","","",""
"2","320","Tieu thuyet Bo Gia","Nguyen Van Ngoc","Tuoi Tre","Vietnamese","09/02/1993 04:48:20","54","18","","","",""
"2","268","Cach nghi de thanh cong","Nguyen Thanh Tuyet","Kim Dong","Vietnamese","12/04/1996 19:24:40","49","24","","","",""
"3","43","Hat giong tam hon","Shukri","Nha xuat ban Kim Dong.","Tran Viet Tuyet","Chinese","Vietnamese","04/07/2016 01:44:15","19/08/1986 05:40:35","26","14",""
"3","118","Doc Vi Bat Ky Ai","Dinara","Nha xuat ban Tu phap.","Nguyen Van Ngoc","Russian","English","07/08/2017 13:45:50","18/11/1988 05:16:32","3","0",""
"4","150","Quang ganh lo di va vui song","Tran Ai Nhi","Nha xuat ban Quan doi.","Chinese","11/03/2016 22:56:18","06/11/1997 04:31:00","9","8","","",""
"3","49","Quang ganh lo di va vui song","Angelis","Nha xuat ban Quan doi.","Tran Ai Nhi","Chinese","Vietnamese","04/09/2020 04:11:43","19/06/1991 21:06:56","4","0",""
"2","273","Dac Nhan Tam","Nguyen Xuan Lan","Kim Dong","Vietnamese","12/04/1996 19:24:40","44","20","","","",""
"3","38","Cach nghi de thanh cong","Henderson","Nha xuat ban Lao dong.","Hoang The Son","Chinese","Vietnamese","16/06/2015 22:25:50","11/03/2002 16:17:29","10","9",""
"4","184","Hat giong tam hon","An Thai Thanh","Nha xuat ban Quan doi.","English","23/03/2012 10:27:02","11/05/1982 21:02:26","18","3","","",""
"2","307","Cach nghi de thanh cong","Tran Thien Giang","Tuoi Tre","Vietnamese","21/01/1993 02:17:25","57","21","","","",""
"2","292","Hat giong tam hon","Hoang Ngoc Tru","NXB Giao Duc","Vietnamese","13/06/1995 19:31:29","48","4","","","",""
"1","27","Uom mam tuong lai","Hoang Ngoc Quang","Khan Quang Do","29/11/1984 07:44:43","20/07/2014 06:19:06","4","0","","","",""
"2","296","Doc Vi Bat Ky Ai","Hoang Quoc Minh","NXB Giao Duc","Vietnamese","13/06/1995 19:31:29","60","28","","","",""
"4","145","Quang ganh lo di va vui song","Tran Vi An","Nha xuat ban Thanh nien.","French","14/11/2010 21:56:26","21/06/1984 14:10:41","30","14","","",""
"4","149","Hat giong tam hon","Tran Thien Giang","Nha xuat ban Tu phap.","Chinese","24/12/2014 22:00:12","02/09/1993 13:41:25","22","15","","",""
"2","297","Tieu thuyet Bo Gia","Hoang The Son","NXB Giao Duc","Vietnamese","25/05/2000 10:01:36","41","1","","","",""
"4","189","Cach nghi de thanh cong","Hoang Ngoc Quang","Nha xuat ban Hong Duc.","English","05/10/2015 03:42:32","07/05/1986 05:25:07","40","17","","",""
"3","54","Doc Vi Bat Ky Ai","Angelis","Nha xuat ban Thanh nien.","Nguyen Truong An","English","Vietnamese","04/08/2018 03:16:03","28/04/1985 23:53:15","8","3",""
"3","39","Hat giong tam hon","Shukri","Nha xuat ban Hong Duc.","Hoang Thanh Nguyen","Chinese","Vietnamese","02/08/2016 14:42:10","16/12/1984 10:47:41","35","13",""
"4","183","Cach nghi de thanh cong","An Man Nhi","Nha xuat ban Hong Duc.","English","29/09/2019 07:54:26","15/09/1983 23:32:20","27","25","","",""
"2","331","Hat giong tam hon","Nguyen Phuong Khanh Huyen","Kim Dong","Vietnamese","21/01/1993 02:17:25","41","16","","","",""
"2","249","Hat giong tam hon","Tran Minh Ngan","NXB Giao Duc","Vietnamese","21/01/1993 02:17:25","49","13","","","",""
"1","19","Hoa Xuan","An Hung Ðao","Hoa Hoc Tro","21/09/1982 23:35:52","23/11/2015 00:04:49","21","11","","","",""
"2","328","Tieu thuyet Bo Gia","Nguyen Minh Tam","Kim Dong","Vietnamese","15/11/1987 06:44:06","51","4","","","",""
"2","270","Cach nghi de thanh cong","Nguyen Quynh Thanh","Kim Dong","Vietnamese","25/09/1989 09:17:13","52","1","","","",""
"2","286","Tieu thuyet Bo Gia","An Bao Ha","NXB Giao Duc","Vietnamese","19/08/1986 05:40:35","48","22","","","",""
"3","111","Tieu thuyet Bo Gia","Dinara","Nha xuat ban Chinh tri Quoc gia.","Nguyen Truong An","Russian","vietnamese","22/06/2020 01:31:34","19/08/1986 05:40:35","7","4",""
"3","83","Hat giong tam hon","Blecher","Nha xuat ban Quan doi.","An Thai Thanh","Chinese","English","29/03/2019 20:31:03","21/01/1993 02:17:25","16","3",""
"2","289","Tieu thuyet Bo Gia","An Hai Yen","NXB Giao Duc","Vietnamese","18/11/1988 05:16:32","42","3","","","",""
"4","179","Cach nghi de thanh cong","An Ngoc Ha","Nha xuat ban Cong an nhan dan.","English","11/11/2012 05:02:35","17/11/1996 13:09:51","6","3","","",""
"4","207","Hat giong tam hon","Tran Ai Nhi","Nha xuat ban Kim Dong.","English","26/10/2016 23:49:58","28/10/1983 05:58:38","25","10","","",""
"2","310","Dac Nhan Tam","Nguyen Quang Thong","Tuoi Tre","Vietnamese","09/02/1993 04:48:20","48","27","","","",""
"3","48","Hat giong tam hon","Angelis","Nha xuat ban Tu phap.","Tran Thien Giang","Chinese","Vietnamese","14/03/2012 16:30:56","12/04/1996 19:24:40","11","7",""
"2","262","Doc Vi Bat Ky Ai","Nguyen Bich Thao","NXB Giao Duc","Vietnamese","25/05/2000 10:01:36","55","26","","","",""
"1","9","Bao Lao Dong tuan 4","Nguyen Xuan Lan","Lao Dong","01/06/1997 00:46:46","12/07/2018 07:42:01","50","4","","","",""
"4","163","Cach nghi de thanh cong","Nguyen Van Chi","Nha xuat ban Tu phap.","Chinese","16/09/2013 04:38:14","09/11/1989 12:54:20","52","9","","",""
"3","88","Cach nghi de thanh cong","Blecher","Nha xuat ban Hong Duc.","Hoang Ngoc Quang","French","Vietnamese","16/02/2011 00:52:28","11/03/2002 16:17:29","44","26",""
"2","317","Quang ganh lo di va vui song","Nguyen Gia Thien","Tuoi Tre","Vietnamese","21/01/1993 02:17:25","43","22","","","",""
"3","90","Doc Vi Bat Ky Ai","Blecher","Nha xuat ban Chinh tri Quoc gia.","Hoang Ngoc Tru","English","Vietnamese","20/01/2019 00:03:04","28/04/1985 23:53:15","12","5",""
"3","84","Cach nghi de thanh cong","Blecher","Nha xuat ban Chinh tri Quoc gia.","An Bao Ha","French","Vietnamese","21/03/2011 08:07:46","12/04/1996 19:24:40","9","7",""
"2","299","Cach nghi de thanh cong","Hoang An Nam","NXB Giao Duc","Vietnamese","15/11/1987 06:44:06","52","5","","","",""
"2","306","Cach nghi de thanh cong","Tran Minh Ngan","Tuoi Tre","Vietnamese","18/11/1988 05:16:32","51","12","","","",""
"2","298","Cach nghi de thanh cong","Hoang Thanh Nguyen","NXB Giao Duc","Vietnamese","19/08/1986 05:40:35","59","9","","","",""
"3","68","Doc Vi Bat Ky Ai","Winifrid","Nha xuat ban Chinh tri Quoc gia.","Nguyen Quynh Thanh","English","Vietnamese","28/07/2012 00:17:19","09/02/1993 04:48:20","5","2",""
"4","171","Cach nghi de thanh cong","Nguyen Xuyen Chi","Nha xuat ban Kim Dong.","English","02/12/2016 08:53:02","06/09/1987 01:11:21","12","5","","",""
"1","16","Bao Lao Dong tuan 11","An Son Tung","Lao Dong","03/05/1987 23:26:38","29/04/2020 02:10:39","30","24","","","",""
"2","314","Cach nghi de thanh cong","Nguyen Khai Tam","Tuoi Tre","Vietnamese","28/04/1985 23:53:15","52","23","","","",""
"2","266","Quang ganh lo di va vui song","Nguyen Thuy Trang","Kim Dong","Vietnamese","18/11/1988 05:16:32","41","18","","","",""
"3","37","Tieu thuyet Bo Gia","Henderson","Nha xuat ban Thanh nien.","Hoang Quoc Minh","Chinese","Vietnamese","20/12/2020 02:46:54","12/08/1987 08:42:24","4","4",""
"2","278","Cach nghi de thanh cong","An Thanh Chau","Tuoi Tre","Vietnamese","16/12/1984 10:47:41","57","15","","","",""
"4","222","Cach nghi de thanh cong","Nguyen Thuy Trang","Nha xuat ban Cong an nhan dan.","Spanish","29/01/2011 07:40:17","22/06/1999 21:03:26","14","10","","",""
"4","157","Cach nghi de thanh cong","Nguyen Duy Hung","Nha xuat ban Lao dong.","Chinese","08/06/2018 21:21:25","25/06/1996 19:52:06","41","23","","",""
"3","113","Cach nghi de thanh cong","Dinara","Nha xuat ban Kim Dong.","Nguyen Duy Hung","Russian","vietnamese","12/10/2018 05:33:03","13/06/1995 19:31:29","10","8",""
"4","228","Tieu thuyet Bo Gia","Nguyen Xuyen Chi","Nha xuat ban Chinh tri Quoc gia.","Russian","11/11/2010 01:41:15","19/07/1985 12:09:34","49","27","","",""
"1","4","Bao Thanh Nien so bao thu 24","Tran Nhat Thuong","Thanh Nien","16/12/1993 19:10:57","25/08/2020 10:17:52","40","30","","","",""
"2","295","Cach nghi de thanh cong","Hoang Hong Thinh","NXB Giao Duc","Vietnamese","15/11/1987 06:44:06","46","2","","","",""
"2","288","Doc Vi Bat Ky Ai","An Phuong Bao Han","NXB Giao Duc","Vietnamese","25/09/1989 09:17:13","48","12","","","",""
"3","41","Dac Nhan Tam","Shukri","Nha xuat ban Chinh tri Quoc gia.","Tran Uyen Nhi","Chinese","Vietnamese","26/01/2021 21:11:06","13/06/1995 19:31:29","46","45",""
"2","243","Hat giong tam hon","Tran Uyen Nhi","NXB Giao Duc","Vietnamese","13/06/1995 19:31:29","52","19","","","",""
"3","34","Hat giong tam hon","Henderson","Nha xuat ban Quan doi.","Hoang The Anh","French","Vietnamese","20/02/2017 01:14:38","12/04/1996 19:24:40","8","4",""
"4","168","Hat giong tam hon","Nguyen Le Chi","Nha xuat ban Thanh nien.","Spanish","06/11/2011 20:28:17","20/10/1991 06:59:17","60","37","","",""
"2","252","Cach nghi de thanh cong","Tran Cam Chi","NXB Giao Duc","Vietnamese","09/02/1993 04:48:20","57","7","","","",""
"4","174","Dac Nhan Tam","Vo Hai Nam","Nha xuat ban Kim Dong.","English","24/08/2019 17:23:40","12/08/1988 06:59:39","57","49","","",""
"3","36","Doc Vi Bat Ky Ai","Henderson","Nha xuat ban Kim Dong.","Hoang Hong Thinh","Chinese","Vietnamese","31/03/2017 04:03:59","09/02/1993 04:48:20","46","23",""
"3","45","Doc Vi Bat Ky Ai","Shukri","Nha xuat ban Hong Duc.","Tran Bich Phuong","Chinese","Vietnamese","22/05/2015 09:09:41","25/09/1989 09:17:13","26","22",""
"2","327","Doc Vi Bat Ky Ai","Nguyen Quynh Thanh","Kim Dong","Vietnamese","19/08/1986 05:40:35","54","11","","","",""
"4","153","Hat giong tam hon","Nguyen Ngoc Thach","Nha xuat ban Chinh tri Quoc gia.","Chinese","03/04/2020 15:18:02","01/11/1989 22:35:05","52","44","","",""
"2","284","Hat giong tam hon","An Man Nhi","Tuoi Tre","Vietnamese","13/06/1995 19:31:29","47","23","","","",""
"3","125","Cach nghi de thanh cong","Jiang","Nha xuat ban Hong Duc.","Nguyen Quynh Thanh","Korean","English","17/02/2018 20:02:26","16/12/1984 10:47:41","14","7",""
"4","211","Doc Vi Bat Ky Ai","Nguyen Thanh Thien","Nha xuat ban Thanh nien.","Japanese","13/07/2011 11:50:05","01/02/1992 18:57:38","36","36","","",""
"3","32","Dac Nhan Tam","Henderson","Nha xuat ban Tu phap.","Hoang Hong Quy","French","Vietnamese","29/05/2017 05:52:09","18/11/1988 05:16:32","2","0",""
"4","193","Cach nghi de thanh cong","Hoang Duong Anh","Nha xuat ban Quan doi.","English","30/04/2014 01:04:33","25/07/1984 18:57:39","42","2","","",""
"4","210","Cach nghi de thanh cong","Nguyen Ngoc Thach","Nha xuat ban Kim Dong.","English","28/10/2019 11:56:59","18/09/1988 20:47:38","45","40","","",""
"4","192","Tieu thuyet Bo Gia","Hoang The Anh","Nha xuat ban Tu phap.","English","22/04/2015 08:40:31","12/06/1991 07:07:59","57","23","","",""
"4","198","Cach nghi de thanh cong","Hoang An Nam","Nha xuat ban Thanh nien.","English","24/12/2012 03:09:54","30/07/1986 08:57:18","36","8","","",""
"4","204","Tieu thuyet Bo Gia","Tran Ngoc Diem","Nha xuat ban Hong Duc.","English","26/10/2018 22:54:55","16/11/1980 00:00:44","17","13","","",""
"3","74","Cach nghi de thanh cong","Blecher","Nha xuat ban Chinh tri Quoc gia.","An Son Tung","French","Vietnamese","06/05/2012 04:32:32","25/05/2000 10:01:36","23","17",""
"2","279","Cach nghi de thanh cong","An Hung Ðao","Tuoi Tre","Vietnamese","28/04/1985 23:53:15","48","4","","","",""
"3","70","Cach nghi de thanh cong","Winifrid","Nha xuat ban Kim Dong.","Nguyen Xuyen Chi","English","Vietnamese","29/08/2015 23:53:39","11/03/2002 16:17:29","35","10",""
"2","316","Hat giong tam hon","Nguyen Anh Thai","Tuoi Tre","Vietnamese","18/11/1988 05:16:32","47","6","","","",""
"3","81","Dac Nhan Tam","Blecher","Nha xuat ban Lao dong.","An Bich Hao","Chinese","English","12/12/2018 17:30:47","25/09/1989 09:17:13","21","16",""
"2","256","Cach nghi de thanh cong","Nguyen Truong An","NXB Giao Duc","Vietnamese","28/04/1985 23:53:15","56","12","","","",""
"3","72","Quang ganh lo di va vui song","Winifrid","Nha xuat ban Tu phap.","Nguyen Phuong Khanh Huyen","French","Vietnamese","13/02/2019 19:53:30","28/04/1985 23:53:15","2","2",""
"3","57","Hat giong tam hon","Angelis","Nha xuat ban Hong Duc.","Nguyen Anh Thai","English","Vietnamese","30/01/2011 21:32:06","19/08/1986 05:40:35","1","0",""
"4","223","Hat giong tam hon","Nguyen Tue Man","Nha xuat ban Kim Dong.","Korean","15/05/2018 02:55:25","09/01/1987 04:04:38","47","9","","",""
"4","138","Tieu thuyet Bo Gia","Hoang Quoc Minh","Nha xuat ban Thanh nien.","French","26/11/2010 00:25:29","10/06/1994 18:10:56","15","9","","",""
"3","58","Quang ganh lo di va vui song","Angelis","Nha xuat ban Thanh nien.","Nguyen Gia Thien","English","Vietnamese","11/08/2017 14:12:29","15/11/1987 06:44:06","12","2",""
"2","305","Tieu thuyet Bo Gia","Tran Ngoc Diem","Tuoi Tre","Vietnamese","25/09/1989 09:17:13","48","10","","","",""
"1","20","Xuan Yeu Thuong","An Ngoc Ha","Hoa Hoc Tro","10/08/1993 01:19:39","21/10/2018 07:27:26","50","0","","","",""
"4","152","Cach nghi de thanh cong","Nguyen Quang Thong","Nha xuat ban Quan doi.","Chinese","18/11/2016 10:23:51","17/04/1987 23:39:41","45","39","","",""
"2","242","Cach nghi de thanh cong","Hoang An Nam","Kim Dong","Vietnamese","28/04/1985 23:53:15","42","18","","","",""
"3","69","Tieu thuyet Bo Gia","Winifrid","Nha xuat ban Tu phap.","Nguyen Minh Tam","English","Vietnamese","07/01/2011 15:40:04","12/08/1987 08:42:24","3","1",""
"4","148","Cach nghi de thanh cong","Tran Minh Ngan","Nha xuat ban Chinh tri Quoc gia.","Chinese","23/01/2019 04:17:56","09/11/1987 04:38:59","5","5","","",""
"3","108","Dac Nhan Tam","Andromeda","Nha xuat ban Hong Duc.","Nguyen Quang Thong","Japanese","vietnamese","30/09/2014 12:56:32","28/04/1985 23:53:15","29","21",""
"2","277","Tieu thuyet Bo Gia","An Cao Tho","Tuoi Tre","Vietnamese","11/03/2002 16:17:29","48","13","","","",""
"2","250","Quang ganh lo di va vui song","Tran Thien Giang","NXB Giao Duc","Vietnamese","12/04/1996 19:24:40","41","26","","","",""
"2","275","Hat giong tam hon","Vo Hai Nam","Kim Dong","Vietnamese","09/02/1993 04:48:20","58","4","","","",""
"2","244","Quang ganh lo di va vui song","Tran Nhat Thuong","NXB Giao Duc","Vietnamese","25/05/2000 10:01:36","54","26","","","",""
"4","162","Tieu thuyet Bo Gia","Nguyen Van Ngoc","Nha xuat ban Chinh tri Quoc gia.","Chinese","14/09/2012 19:07:57","25/12/1995 02:00:40","24","8","","",""
"4","226","Cach nghi de thanh cong","Nguyen Quynh Thanh","Nha xuat ban Hong Duc.","Korean","02/11/2020 16:59:37","17/02/1987 17:14:25","20","4","","",""
"1","18","Hoa Nang","An Thanh Chau","Hoa Hoc Tro","20/10/1999 07:13:29","02/01/2016 13:16:04","21","14","","","",""
"3","97","Cach nghi de thanh cong","Andromeda","Nha xuat ban Thanh nien.","Hoang An Nam","Spanish","Vietnamese","10/06/2019 20:53:19","19/08/1986 05:40:35","3","3",""
"3","104","Cach nghi de thanh cong","Andromeda","Nha xuat ban Chinh tri Quoc gia.","Tran Minh Ngan","Japanese","English","03/08/2019 05:40:52","09/02/1993 04:48:20","15","9",""
"4","230","Cach nghi de thanh cong","Nguyen Phuong Khanh Huyen","Nha xuat ban Kim Dong.","Russian","06/05/2012 18:04:37","27/01/1998 10:06:40","3","3","","",""
"2","248","Cach nghi de thanh cong","Tran Ngoc Diem","NXB Giao Duc","Vietnamese","18/11/1988 05:16:32","52","23","","","",""
"1","22","Ngay dang nho","An Anh Ngoc","Hoa Hoc Tro","24/08/1992 01:14:28","16/12/2014 00:52:52","11","8","","","",""
"4","209","Dac Nhan Tam","Nguyen Quang Thong","Nha xuat ban Hong Duc.","English","01/12/2013 00:44:04","09/08/1988 12:56:30","12","10","","",""
"4","161","Doc Vi Bat Ky Ai","Nguyen Bich Thao","Nha xuat ban Hong Duc.","Chinese","17/05/2015 02:48:59","28/11/1988 19:59:49","26","14","","",""
"4","167","Cach nghi de thanh cong","Nguyen Thanh Tuyet","Nha xuat ban Kim Dong.","English","05/02/2011 07:21:02","15/09/1997 14:19:37","45","38","","",""
"2","285","Doc Vi Bat Ky Ai","An Thai Thanh","Tuoi Tre","Vietnamese","25/05/2000 10:01:36","59","8","","","",""
"4","166","Dac Nhan Tam","Nguyen Tue Man","Nha xuat ban Hong Duc.","English","09/07/2012 22:15:19","21/03/1981 13:42:56","17","9","","",""
"2","276","Doc Vi Bat Ky Ai","An Son Tung","Tuoi Tre","Vietnamese","12/08/1987 08:42:24","45","3","","","",""
"3","124","Dac Nhan Tam","Dinara","Nha xuat ban Lao dong.","Nguyen Le Chi","Korean","English","21/09/2020 08:49:41","11/03/2002 16:17:29","9","9",""
"3","78","Cach nghi de thanh cong","Blecher","Nha xuat ban Cong an nhan dan.","An Ngoc Ha","Chinese","English","07/04/2019 23:42:13","25/05/2000 10:01:36","7","1",""
"2","264","Cach nghi de thanh cong","Nguyen Van Chi","Kim Dong","Vietnamese","15/11/1987 06:44:06","43","4","","","",""
"1","28","Giai do Le Quy Don","Hoang Hong Quy","Khan Quang Do","24/04/1999 11:52:18","10/11/2011 06:42:24","7","5","","","",""
"3","44","Quang ganh lo di va vui song","Shukri","Nha xuat ban Thanh nien.","Tran Vi An","Chinese","Vietnamese","21/06/2014 22:32:59","15/11/1987 06:44:06","15","8",""
"3","128","Cach nghi de thanh cong","Jiang","Nha xuat ban Tu phap.","Nguyen Xuan Lan","Korean","Vietnamese","06/01/2017 02:20:51","25/05/2000 10:01:36","49","35",""
"2","302","Dac Nhan Tam","Tran Viet Tuyet","Tuoi Tre","Vietnamese","21/01/1993 02:17:25","57","11","","","",""
"3","89","Hat giong tam hon","Blecher","Nha xuat ban Quan doi.","Hoang Hong Quy","English","Vietnamese","23/03/2014 17:59:01","16/12/1984 10:47:41","21","9",""
"4","202","Cach nghi de thanh cong","Tran Vi An","Nha xuat ban Thanh nien.","English","25/07/2011 15:13:55","26/08/1988 02:01:39","27","27","","",""
"1","2","Bao Thanh Nien so bao thu 42","Hoang An Nam","Thanh Nien","14/02/1997 07:20:55","21/04/2020 05:08:03","6","1","","","",""
"4","172","Hat giong tam hon","Nguyen Xuan Lan","Nha xuat ban Chinh tri Quoc gia.","English","07/10/2010 00:21:14","20/07/1995 07:05:05","13","0","","",""
"2","237","Cach nghi de thanh cong","Hoang Duong Anh","Kim Dong","Vietnamese","19/06/1991 21:06:56","47","5","","","",""
"4","194","Cach nghi de thanh cong","Hoang Hong Thinh","Nha xuat ban Chinh tri Quoc gia.","English","18/04/2012 18:45:44","19/08/1989 08:23:20","29","24","","",""
"1","12","Bao Lao Dong tuan 71","Nguyen Xuyen Chi","Lao Dong","10/12/1984 21:29:06","19/08/2020 13:08:03","6","2","","","",""
"2","309","Quang ganh lo di va vui song","Tran Cam Chi","Tuoi Tre","Vietnamese","19/06/1991 21:06:56","55","21","","","",""
"1","17","Bao Lao Dong tuan 12","An Cao Tho","Lao Dong","15/03/1989 14:45:15","30/06/2017 19:02:57","37","28","","","",""
"1","15","Bao Lao Dong tuan 24","Vo Hai Nam","Lao Dong","21/04/1997 20:15:38","27/05/2013 17:20:23","31","28","","","",""
"3","126","Doc Vi Bat Ky Ai","Jiang","Nha xuat ban Quan doi.","Nguyen Minh Tam","Korean","Vietnamese","29/08/2013 14:18:13","28/04/1985 23:53:15","34","9",""
"2","235","Quang ganh lo di va vui song","Hoang Ngoc Tru","Kim Dong","Vietnamese","21/01/1993 02:17:25","45","12","","","",""
"2","272","Quang ganh lo di va vui song","Nguyen Xuyen Chi","Kim Dong","Vietnamese","21/01/1993 02:17:25","53","30","","","",""
"2","257","Hat giong tam hon","Nguyen Khai Tam","NXB Giao Duc","Vietnamese","13/06/1995 19:31:29","60","21","","","",""
"3","53","Quang ganh lo di va vui song","Angelis","Nha xuat ban Chinh tri Quoc gia.","Nguyen Thanh Thien","English","Vietnamese","30/08/2016 11:03:44","16/12/1984 10:47:41","21","0",""
"3","67","Hat giong tam hon","Winifrid","Nha xuat ban Thanh nien.","Nguyen Le Chi","English","Vietnamese","06/03/2018 09:03:49","19/06/1991 21:06:56","5","2",""
"2","322","Cach nghi de thanh cong","Nguyen Tu Linh","Kim Dong","Vietnamese","11/03/2002 16:17:29","46","20","","","",""
"4","178","Tieu thuyet Bo Gia","An Hung Ðao","Nha xuat ban Quan doi.","English","17/10/2010 19:45:13","23/10/1986 15:21:49","56","8","","",""
"2","253","Hat giong tam hon","Nguyen Quang Thong","NXB Giao Duc","Vietnamese","12/08/1987 08:42:24","59","24","","","",""
"2","236","Dac Nhan Tam","Hoang The Anh","Kim Dong","Vietnamese","12/04/1996 19:24:40","58","30","","","",""
"3","100","Tieu thuyet Bo Gia","Andromeda","Nha xuat ban Hong Duc.","Tran Viet Tuyet","Spanish","English","02/08/2016 08:43:33","18/11/1988 05:16:32","22","12",""
"4","205","Cach nghi de thanh cong","Tran Minh Ngan","Nha xuat ban Chinh tri Quoc gia.","English","05/05/2018 08:23:37","28/03/1998 06:06:02","35","31","","",""
"4","221","Cach nghi de thanh cong","Nguyen Tu Linh","Nha xuat ban Quan doi.","Spanish","04/08/2012 18:19:28","02/05/1982 01:06:15","48","46","","",""
"2","265","Hat giong tam hon","Nguyen Tu Linh","Kim Dong","Vietnamese","25/09/1989 09:17:13","60","16","","","",""
"4","217","Dac Nhan Tam","Nguyen Bao Lan","Nha xuat ban Kim Dong.","Spanish","26/03/2017 18:14:38","02/02/1985 10:23:54","59","3","","",""
"4","155","Doc Vi Bat Ky Ai","Nguyen Truong An","Nha xuat ban Thanh nien.","Chinese","10/11/2015 18:52:12","30/12/1991 09:28:37","25","13","","",""
"4","147","Dac Nhan Tam","Tran Ngoc Diem","Nha xuat ban Quan doi.","Chinese","23/10/2020 02:08:51","20/12/1988 04:53:16","16","5","","",""
"2","241","Dac Nhan Tam","Hoang Thanh Nguyen","Kim Dong","Vietnamese","16/12/1984 10:47:41","58","11","","","",""
"2","239","Quang ganh lo di va vui song","Hoang Quoc Minh","Kim Dong","Vietnamese","12/08/1987 08:42:24","51","23","","","",""
"3","98","Hat giong tam hon","Andromeda","Nha xuat ban Thanh nien.","Tran Uyen Nhi","Spanish","English","29/10/2016 14:16:23","15/11/1987 06:44:06","16","1",""
"3","119","Tieu thuyet Bo Gia","Dinara","Nha xuat ban Hong Duc.","Nguyen Van Chi","Russian","English","16/08/2020 22:02:44","21/01/1993 02:17:25","10","5",""
"2","291","Cach nghi de thanh cong","Hoang Hong Quy","NXB Giao Duc","Vietnamese","28/04/1985 23:53:15","53","6","","","",""
"3","40","Quang ganh lo di va vui song","Shukri","Nha xuat ban Quan doi.","Hoang An Nam","Chinese","Vietnamese","09/03/2020 04:54:09","28/04/1985 23:53:15","6","2",""
"1","21","Lan toa","An Thien Trang","Hoa Hoc Tro","12/10/1997 12:21:51","19/07/2012 02:10:00","43","29","","","",""
"2","293","Quang ganh lo di va vui song","Hoang The Anh","NXB Giao Duc","Vietnamese","25/05/2000 10:01:36","41","19","","","",""
"3","60","Doc Vi Bat Ky Ai","Angelis","Nha xuat ban Hong Duc.","Nguyen Bich Thao","English","Vietnamese","30/05/2017 08:25:51","25/05/2000 10:01:36","4","2",""
"4","224","Quang ganh lo di va vui song","Nguyen Thanh Tuyet","Nha xuat ban Thanh nien.","Korean","10/05/2014 21:27:08","29/04/1996 01:54:15","22","9","","",""
"3","117","Cach nghi de thanh cong","Dinara","Nha xuat ban Chinh tri Quoc gia.","Nguyen Bich Thao","Russian","English","15/09/2016 14:50:05","25/09/1989 09:17:13","3","2",""
"2","313","Tieu thuyet Bo Gia","Nguyen Truong An","Tuoi Tre","Vietnamese","16/12/1984 10:47:41","47","5","","","",""
"4","180","Hat giong tam hon","An Thien Trang","Nha xuat ban Kim Dong.","English","29/06/2015 13:28:44","24/12/1991 01:10:38","60","58","","",""
"4","195","Hat giong tam hon","Hoang Quoc Minh","Nha xuat ban Quan doi.","English","15/10/2010 23:23:55","22/06/1990 20:30:05","10","3","","",""
"4","139","Cach nghi de thanh cong","Hoang The Son","Nha xuat ban Lao dong.","French","19/12/2018 02:02:44","09/02/1999 23:50:56","25","6","","",""
"1","24","Lop hoc ki thu","An Man Nhi","Hoa Hoc Tro","08/02/2000 22:39:05","31/10/2017 00:22:42","34","19","","","",""
"4","136","Quang ganh lo di va vui song","Hoang Duong Anh","Nha xuat ban Cong an nhan dan.","French","22/06/2015 08:13:58","29/01/1983 09:05:12","14","7","","",""
"2","282","Dac Nhan Tam","An Anh Ngoc","Tuoi Tre","Vietnamese","19/08/1986 05:40:35","60","6","","","",""
"2","255","Tieu thuyet Bo Gia","Nguyen Thanh Thien","NXB Giao Duc","Vietnamese","16/12/1984 10:47:41","49","26","","","",""
"3","122","Hat giong tam hon","Dinara","Nha xuat ban Kim Dong.","Nguyen Tue Man","Korean","English","03/12/2012 09:46:50","09/02/1993 04:48:20","1","0",""
"3","130","Hat giong tam hon","Jingyi","Nha xuat ban Thanh nien.","Nguyen Quynh Thanh","Korean","Vietnamese","05/11/2020 02:47:48","13/06/1995 19:31:29","11","9",""
"1","5","Bao Thanh Nien so bao thu 50","Tran Viet Tuyet","Thanh Nien","29/09/1985 20:12:39","28/03/2014 16:57:44","45","31","","","",""
"4","191","Doc Vi Bat Ky Ai","Hoang Ngoc Tru","Nha xuat ban Chinh tri Quoc gia.","English","25/02/2016 20:51:40","13/12/1987 17:34:37","48","48","","",""
"3","62","Cach nghi de thanh cong","Angelis","Nha xuat ban Tu phap.","Nguyen Van Chi","English","Vietnamese","04/02/2015 12:35:55","15/11/1987 06:44:06","29","21",""
"1","7","Bao Thanh Nien so bao thu 9","Nguyen Minh Tam","Thanh Nien","08/01/1986 13:59:39","08/03/2018 10:40:30","35","1","","","",""
"4","188","Dac Nhan Tam","An Hai Yen","Nha xuat ban Thanh nien.","English","19/11/2014 16:20:22","09/03/1985 23:14:35","16","3","","",""
"3","85","Hat giong tam hon","Blecher","Nha xuat ban Tu phap.","An Ngoc Quynh","French","Vietnamese","24/12/2010 20:32:56","19/06/1991 21:06:56","8","6",""
"4","185","Cach nghi de thanh cong","An Bao Ha","Nha xuat ban Chinh tri Quoc gia.","English","25/02/2016 00:40:12","24/07/1988 22:19:09","27","16","","",""
"4","175","Cach nghi de thanh cong","An Son Tung","Nha xuat ban Chinh tri Quoc gia.","English","01/07/2013 10:14:47","02/09/1996 02:06:40","50","47","","",""
"3","33","Cach nghi de thanh cong","Henderson","Nha xuat ban Hong Duc.","Hoang Ngoc Tru","French","Vietnamese","22/09/2016 00:34:24","21/01/1993 02:17:25","5","5",""
"3","42","Cach nghi de thanh cong","Shukri","Nha xuat ban Tu phap.","Tran Nhat Thuong","Chinese","Vietnamese","10/02/2013 10:23:30","25/05/2000 10:01:36","8","4",""
"4","160","Doc Vi Bat Ky Ai","Nguyen Bao Lan","Nha xuat ban Lao dong.","Chinese","17/03/2019 00:20:56","22/02/1982 18:16:57","44","28","","",""
"2","281","Quang ganh lo di va vui song","An Thien Trang","Tuoi Tre","Vietnamese","25/05/2000 10:01:36","51","11","","","",""
"1","13","Bao Lao Dong tuan 55","Nguyen Xuan Lan","Lao Dong","05/02/1992 09:53:13","21/12/2010 00:03:53","5","0","","","",""
